battery_power,blue,clock_speed,dual_sim,fc,four_g,int_memory,m_dep,mobile_wt,n_cores,pc,px_height,px_width,ram,sc_h,sc_w,talk_time,three_g,touch_screen,wifi,price_range
582,0,2,1,0,1,50,0,174,3,1,901,1940,1053,14,8,16,1,1,0,0
1174,1,3,0,5,1,17,1,80,1,7,672,727,2286,8,1,3,1,1,0,1
1441,1,2,1,0,0,6,1,99,1,1,1230,1345,733,16,5,10,0,0,0,0
923,0,2,0,0,0,43,0,129,7,0,509,566,402,18,5,19,1,0,1,0
1279,1,3,0,7,0,66,1,129,7,16,61,571,3401,6,3,13,0,0,0,2
1670,0,2,1,5,0,23,1,172,5,10,884,1569,2576,12,6,11,0,1,1,3
1875,0,1,1,3,0,11,0,190,8,12,504,1456,2985,16,11,18,0,1,1,3
2004,0,3,1,8,0,15,0,99,5,10,656,2018,3568,9,7,17,0,1,0,3
849,1,0,0,0,1,51,0,157,6,20,660,875,3786,10,1,3,1,0,0,3
1781,1,1,1,17,1,57,1,136,5,18,1388,1788,2942,5,1,21,1,1,1,3
2083,1,2,1,1,0,41,0,192,4,8,903,1231,1652,7,6,15,1,0,0,2
1879,0,1,1,0,1,24,0,158,5,1,279,1103,2154,17,6,10,1,1,0,2
1166,1,1,1,1,0,55,1,117,4,16,239,741,3529,7,3,20,1,1,0,3
850,0,1,1,6,0,33,1,155,6,7,1515,1564,2159,10,8,19,0,1,0,2
878,1,3,1,0,1,54,1,185,2,1,122,1670,3219,19,2,16,1,1,1,2
1853,1,0,1,5,0,44,0,122,2,9,1294,1993,3561,17,10,19,0,1,0,3
503,1,2,1,1,1,13,1,126,1,4,1451,1645,3248,19,6,9,1,0,1,3
1280,0,1,0,3,1,49,0,94,4,15,496,855,1765,18,16,11,1,1,0,1
946,1,1,0,1,1,23,1,182,8,3,481,769,2336,15,9,18,1,0,0,1
1586,0,1,0,2,1,25,1,177,2,3,232,1692,2303,12,10,14,1,1,1,2
1255,0,1,0,12,0,30,1,132,6,14,642,726,1596,8,4,15,1,1,1,1
870,0,2,1,1,1,23,1,195,7,2,741,1936,3298,14,11,7,1,0,0,3
802,1,2,0,1,1,61,1,147,8,6,363,942,423,15,6,6,1,1,1,0
1729,0,1,1,12,0,10,0,182,3,19,237,1873,754,17,12,13,1,0,1,0
735,0,1,1,0,1,23,1,97,7,11,331,1832,2751,7,0,17,1,0,0,2
890,0,1,0,5,1,16,1,97,4,9,756,1143,3248,7,0,2,1,0,0,2
847,1,2,1,6,1,56,0,149,5,7,527,733,1322,13,7,13,1,0,1,0
1375,1,2,1,0,0,35,0,104,8,1,460,552,2099,19,14,15,0,1,0,1
843,0,2,0,0,0,2,1,192,7,3,518,518,3192,19,0,12,0,0,1,2
1393,0,2,0,5,1,6,1,91,6,9,650,1323,1373,12,1,14,1,0,0,1
1908,1,0,0,5,1,40,1,132,2,17,3,1645,381,5,1,12,1,0,0,0
699,0,1,0,2,0,45,1,103,5,11,266,838,3566,10,1,10,1,0,0,3
1937,0,2,1,12,1,15,1,95,4,14,1377,1541,1246,9,6,16,1,0,1,1
909,1,1,0,1,1,63,1,193,5,4,732,807,3637,14,8,5,1,0,0,3
1354,1,1,1,20,1,36,0,112,4,20,413,755,873,15,2,8,1,0,0,0
992,1,3,1,6,0,37,1,118,7,20,683,1184,3743,16,1,12,0,1,1,3
1168,1,1,1,6,1,56,1,153,2,11,740,1041,1927,9,4,8,1,0,0,1
1282,0,0,1,2,0,52,0,156,8,3,615,628,953,14,11,6,0,1,1,0
704,0,3,1,0,0,24,0,92,4,1,536,1455,2135,5,1,12,1,1,1,1
1252,1,1,0,0,0,29,0,136,2,3,59,929,2703,6,1,13,0,1,0,2
1596,1,2,1,0,0,10,1,177,4,1,156,553,2730,16,5,13,1,0,1,2
1183,1,2,0,6,0,2,1,140,5,19,959,1108,1521,14,0,19,1,0,0,1
1690,1,1,1,3,0,62,1,118,8,15,261,558,1744,5,2,21,0,1,1,1
1746,1,1,1,2,1,49,0,184,5,13,316,1220,1655,8,6,11,1,1,0,1
821,1,2,1,13,0,50,1,194,7,18,324,1391,1928,17,2,19,1,0,0,1
1243,1,2,1,2,1,24,0,120,7,10,922,1295,2216,12,11,10,1,0,1,2
756,1,3,0,7,1,53,1,123,3,17,8,855,4002,8,1,12,1,1,0,3
1181,1,1,0,0,1,6,0,204,4,0,704,1795,1306,20,0,6,1,0,0,1
886,1,1,0,2,0,46,1,144,3,3,1072,1481,2714,6,0,2,0,0,1,2
750,1,1,1,6,0,6,1,160,7,10,1132,1204,2860,10,1,16,0,0,0,2
1919,0,2,0,0,1,37,0,89,3,2,189,788,1143,13,1,20,1,1,0,1
1758,0,3,0,0,0,35,0,128,8,2,1148,1560,2657,8,3,13,1,1,0,3
1876,0,3,0,9,0,14,0,193,7,19,286,983,1283,8,1,8,1,1,0,1
953,0,1,1,8,0,26,1,91,4,9,732,1577,562,6,3,14,0,1,1,0
733,0,3,1,2,1,9,1,146,3,3,498,1619,2901,10,4,18,1,0,0,2
1066,0,1,0,10,1,21,0,153,7,15,1299,1404,2315,16,6,12,1,0,1,2
1116,1,2,1,0,1,42,0,106,6,1,59,1167,3354,11,5,17,1,1,0,2
929,0,2,0,0,1,19,0,162,8,0,154,607,2026,7,4,16,1,1,0,1
1688,1,0,1,8,0,2,1,180,6,20,943,1416,426,12,9,3,0,1,1,0
1226,1,1,0,0,0,51,1,102,5,0,596,616,2428,6,3,17,0,0,0,2
1322,0,2,0,2,0,48,0,144,1,10,493,674,2395,17,10,2,1,0,0,2
1358,1,3,0,2,1,53,1,113,6,4,500,1574,599,11,3,6,1,0,1,0
1454,1,2,0,2,1,5,0,131,5,11,406,776,2179,18,15,19,1,0,1,1
1392,0,2,0,7,0,4,1,135,8,11,291,835,262,12,9,4,1,1,1,0
1042,0,2,0,7,0,3,1,148,4,10,393,879,2011,12,10,21,1,1,0,1
1527,0,1,1,0,0,14,0,144,2,4,1165,1728,2553,13,6,8,0,0,1,2
1253,0,1,0,5,1,10,1,158,2,9,94,850,3900,6,2,13,1,1,1,3
524,0,3,1,0,0,41,1,171,3,0,610,1239,448,6,0,16,1,0,0,0
1021,0,2,1,0,1,31,1,163,8,1,64,560,969,7,4,13,1,1,1,0
1846,0,0,0,0,0,7,1,182,6,13,441,1603,2431,8,7,14,0,1,0,2
593,1,2,1,4,0,6,1,164,1,16,601,1705,2875,9,2,15,1,1,0,2
2004,0,1,1,19,1,37,1,146,2,18,1155,1800,1116,17,2,18,1,0,1,1
1709,1,2,1,11,0,56,0,130,2,14,522,1783,3271,16,11,12,1,1,1,3
1658,1,1,0,0,0,28,0,116,2,0,557,892,583,9,2,9,1,1,1,0
889,0,2,0,8,1,30,0,93,3,20,847,1252,374,11,6,9,1,1,0,0
806,0,1,0,0,0,11,0,138,3,11,720,802,2135,11,6,19,0,1,0,1
516,1,2,0,4,0,52,0,194,8,17,965,1180,393,10,2,12,0,0,0,0
1668,0,2,0,1,1,64,1,110,2,10,276,1051,2859,19,10,8,1,1,1,2
545,1,3,1,5,1,37,1,201,2,10,218,2030,1646,8,1,8,1,0,1,1
1893,1,1,0,7,1,46,0,119,1,10,1187,1932,3425,13,10,12,1,0,0,3
1435,0,3,0,4,0,57,1,175,2,6,36,673,302,6,2,10,0,1,0,0
610,1,1,1,2,0,29,1,190,4,6,1042,1298,2687,14,10,7,0,0,0,2
1011,1,0,0,15,0,51,1,125,8,19,297,626,3310,12,6,8,1,0,0,2
715,0,1,1,0,1,32,0,98,2,1,1653,1673,326,19,10,4,1,0,0,0
1395,1,2,1,6,0,32,1,156,1,7,572,705,3727,19,4,18,0,1,1,3
1611,0,3,1,16,0,42,0,109,4,20,43,1854,1234,9,2,17,1,0,0,1
1159,0,1,1,0,0,16,1,195,5,4,496,1021,670,11,3,6,0,1,1,0
1648,1,1,0,8,1,59,1,135,2,10,990,1263,1822,17,3,17,1,0,0,2
1681,0,1,1,9,1,31,0,181,6,15,53,1104,3118,12,6,17,1,1,0,3
1108,0,0,1,0,0,52,1,190,8,1,522,1482,623,5,3,19,0,1,1,0
1585,0,2,0,10,0,35,0,85,1,14,63,1588,922,17,10,9,0,1,0,0
1379,0,2,0,0,0,58,1,147,3,1,923,1636,435,15,10,12,1,0,0,0
866,1,2,1,3,0,17,0,198,7,9,165,927,3208,18,5,13,1,1,0,2
797,0,1,0,3,0,46,1,158,2,16,830,1928,553,17,15,11,1,1,1,0
1147,0,2,0,6,1,32,0,159,2,12,487,501,320,16,1,20,1,1,0,0
739,0,1,1,0,1,21,1,86,1,7,536,815,1671,18,12,9,1,0,1,1
994,0,1,0,6,1,53,0,125,8,7,88,1734,1253,6,5,4,1,0,1,0
1107,0,0,0,13,1,59,0,148,3,21,394,1107,1670,17,10,3,1,1,1,1
1836,1,1,1,10,0,61,0,97,1,12,305,682,1731,9,5,6,0,0,0,1
563,1,2,1,0,0,25,0,135,4,5,405,905,3556,12,11,8,1,0,1,2
640,0,3,0,10,1,65,1,179,4,14,280,556,3437,18,8,14,1,0,1,2
998,1,0,0,2,0,2,1,156,4,10,423,1238,1897,14,1,19,1,1,0,1
801,1,3,0,0,0,31,0,188,7,10,574,1463,2434,17,16,9,1,0,1,2
1294,1,3,0,7,1,39,0,160,3,11,512,1403,1355,9,2,15,1,0,0,1
744,0,1,0,0,0,26,1,105,7,14,84,713,1955,17,5,13,0,1,1,1
519,1,1,1,4,1,61,1,128,5,7,700,1068,924,14,0,5,1,1,0,0
1540,1,2,1,11,0,15,1,146,7,16,989,1707,1685,17,13,2,1,0,1,2
821,0,2,1,1,0,53,0,105,5,15,662,1855,610,16,6,21,1,0,1,0
1009,0,2,1,2,1,44,1,155,3,7,170,941,630,9,1,8,1,0,1,0
816,1,1,1,4,1,37,0,158,4,17,55,516,2367,10,2,18,1,1,1,1
1001,0,2,0,8,0,16,1,156,8,10,983,1386,3007,17,12,19,0,1,0,3
671,0,2,0,0,1,24,1,153,8,2,913,1967,4080,8,1,10,1,1,1,3
885,1,1,1,4,1,4,1,150,8,10,1047,1266,2010,13,10,17,1,1,1,1
1642,0,2,0,8,1,52,0,187,3,16,893,1305,3942,17,13,12,1,0,0,3
2008,1,3,1,0,1,47,0,102,1,17,600,1260,2920,13,9,2,1,1,1,3
738,0,2,1,4,0,57,0,192,7,14,569,1300,3461,16,11,12,0,1,1,3
1376,0,3,0,0,0,30,0,201,6,0,1578,1988,3744,17,0,20,0,0,0,3
1081,0,2,0,5,0,40,1,126,5,16,398,1565,2611,6,0,18,1,1,1,2
1135,0,1,0,5,1,50,1,109,3,14,221,1821,2123,6,0,17,1,1,1,2
1529,0,2,0,7,0,51,0,87,4,16,1500,1786,308,14,1,16,0,1,0,0
612,1,0,0,0,1,38,1,85,5,10,848,1710,449,9,2,2,1,1,0,0
1403,0,2,1,2,0,37,0,80,2,6,545,1370,3426,17,17,17,1,1,1,3
1615,0,2,0,18,1,12,0,186,7,20,455,877,508,9,4,2,1,0,1,0
921,0,2,0,0,1,23,1,87,8,0,227,1181,2523,16,15,5,1,1,0,2
1185,0,1,0,9,0,61,0,92,8,10,157,1614,3256,9,4,18,0,0,1,3
529,1,2,1,0,1,40,1,144,1,0,17,1093,2027,6,0,12,1,1,0,1
1701,1,2,0,18,1,44,0,157,2,18,879,1425,1166,6,1,17,1,1,0,1
2037,1,3,1,8,0,18,0,198,8,15,627,696,2375,7,0,18,1,1,0,2
541,1,2,1,6,1,55,0,82,3,12,77,1327,2197,11,10,7,1,0,1,1
1696,0,2,0,0,1,37,1,89,1,1,801,870,313,14,10,2,1,1,1,0
1439,1,2,0,5,0,24,1,95,8,17,491,1867,836,15,9,4,0,0,1,1
1668,1,2,0,1,1,41,1,106,5,3,1208,1734,1914,16,7,6,1,0,0,2
1170,0,3,0,3,0,62,0,121,4,8,400,2012,2603,19,11,16,1,1,1,2
1244,0,1,0,5,1,14,1,108,6,6,158,724,2743,13,1,8,1,1,0,2
1046,1,2,0,0,0,66,1,98,5,4,153,706,1701,8,5,13,0,1,1,1
1516,1,2,0,5,1,65,0,147,1,9,650,1585,3731,5,2,19,1,0,0,3
1900,1,2,0,7,1,20,0,78,7,14,92,1640,2057,14,11,12,1,1,1,2
647,0,1,1,0,0,3,0,156,5,13,699,1151,2833,9,5,8,1,1,1,2
757,0,2,1,0,1,4,0,87,8,2,301,1239,1240,19,14,4,1,1,1,0
919,0,0,1,9,1,26,0,198,2,18,374,1788,2167,7,1,10,1,0,1,1
1743,1,1,1,2,0,24,1,148,7,19,156,646,1461,5,0,15,1,1,0,1
1025,1,2,1,0,0,58,0,137,7,0,77,680,709,12,9,16,0,1,0,0
1729,1,2,1,12,1,45,1,105,2,19,1315,1702,572,10,0,19,1,0,1,1
1536,1,1,1,0,1,58,1,81,7,7,335,1190,3586,18,10,6,1,1,1,3
1464,0,2,1,4,1,24,0,106,1,17,943,1162,3502,15,12,9,1,0,0,3
1967,0,2,0,4,0,51,0,165,5,7,454,1505,1223,11,0,14,1,0,0,1
1390,0,2,1,9,1,39,0,80,8,10,835,1692,3828,6,3,13,1,1,0,3
1375,1,1,0,0,1,13,1,129,4,8,1339,1974,3881,19,3,19,1,1,0,3
1264,1,2,0,6,1,10,0,106,8,15,1313,1917,2326,9,3,15,1,1,1,2
1649,0,3,1,7,0,9,0,191,3,10,64,720,3569,9,1,10,1,0,1,3
985,1,1,0,8,0,45,1,78,7,10,297,585,3873,7,6,7,0,1,0,3
721,1,2,1,2,1,59,0,90,3,4,1101,1571,474,7,6,6,1,0,1,0
683,0,1,1,2,1,3,0,86,8,6,196,677,982,10,1,13,1,0,1,0
1348,0,1,1,5,0,53,0,119,5,11,191,516,3397,15,5,2,0,0,0,3
684,1,1,0,11,0,3,0,95,6,15,1070,1391,558,7,6,20,0,1,0,0
1026,1,2,1,0,0,2,0,138,3,7,77,708,1489,19,12,19,0,0,0,0
1013,1,1,0,1,0,13,1,203,8,2,628,1321,2324,17,12,15,1,0,0,2
1551,0,3,1,7,0,7,1,155,2,9,163,1177,2386,14,12,12,1,1,1,2
575,1,1,0,4,1,4,0,157,4,13,343,768,518,12,8,10,1,1,1,0
760,0,0,1,0,0,20,1,167,2,1,647,994,1112,18,1,7,0,0,1,0
1569,0,2,0,12,1,34,1,141,8,15,517,1021,2819,7,2,7,1,0,1,2
1397,0,2,1,2,0,52,1,99,7,3,262,809,3859,17,7,7,1,0,1,3
857,1,1,1,1,1,48,1,144,6,12,709,982,3785,16,14,20,1,1,1,3
586,0,1,0,1,0,31,1,160,8,5,855,891,2662,11,6,16,0,1,1,2
1106,0,1,0,3,0,43,0,146,3,4,827,1384,916,13,2,9,0,0,0,0
1508,0,3,0,3,0,12,1,133,3,5,941,948,1405,13,4,19,1,1,0,1
1000,0,2,1,1,0,43,0,129,7,11,416,1587,3816,10,0,7,1,1,0,3
1146,0,1,1,0,0,26,0,147,1,10,1057,1356,267,11,2,12,1,0,1,0
640,1,3,1,0,0,53,0,156,4,19,432,926,2814,6,1,5,1,1,1,2
1255,1,2,0,8,0,29,0,158,4,9,315,1818,313,11,10,20,1,0,0,0
1200,1,2,1,0,0,19,0,122,2,1,409,1670,607,19,0,3,0,0,0,0
566,0,1,0,8,0,32,1,103,3,11,1035,1695,2896,6,1,19,0,1,1,2
597,0,1,0,0,1,9,0,129,2,0,96,498,3904,14,1,5,1,0,1,2
1359,0,1,1,4,1,39,0,177,5,12,1042,1332,4021,20,16,4,1,0,0,3
832,1,1,0,5,1,22,1,203,1,8,349,1379,1733,15,4,20,1,1,1,1
920,1,3,0,0,0,37,0,198,4,12,196,985,1403,13,0,14,0,1,0,0
1782,0,2,0,7,1,41,0,95,4,11,0,1894,3694,13,0,15,1,1,0,3
553,0,2,1,1,0,24,1,89,4,2,944,1000,1321,7,4,3,1,1,0,0
875,0,1,1,8,0,61,0,153,3,9,792,1793,2415,16,10,19,1,0,1,2
1698,0,0,1,2,1,36,1,171,4,6,468,1851,3863,19,4,18,1,1,1,3
988,1,3,1,0,0,35,0,147,6,9,932,1119,3958,16,8,18,0,1,1,3
598,1,1,1,8,1,64,0,113,8,9,120,768,3140,11,2,19,1,1,0,2
1917,0,1,1,1,1,34,1,107,8,3,851,1604,2982,9,1,5,1,1,0,3
1059,0,3,0,0,1,25,0,135,8,20,1866,2002,3799,18,1,18,1,1,1,3
1469,1,1,1,4,0,27,0,121,1,5,913,1154,1372,14,5,17,1,0,1,1
1802,1,0,0,1,1,54,0,135,5,3,709,780,2581,13,10,7,1,1,1,2
1017,1,0,0,7,0,42,0,107,3,8,730,1558,898,16,9,6,0,1,0,0
868,1,1,1,10,1,32,1,107,3,11,650,976,2717,13,3,19,1,0,0,2
1656,1,1,1,0,0,5,0,90,7,9,1317,1655,3663,17,11,11,0,0,1,3
1476,0,1,1,0,1,17,1,148,6,8,435,1373,1253,13,6,18,1,0,0,1
1627,1,1,0,3,0,19,1,114,6,9,800,1207,456,7,5,15,1,0,1,0
1076,0,1,1,2,1,44,1,99,3,3,242,1998,3546,14,5,11,1,1,0,3
1033,1,3,0,1,1,30,0,197,1,10,1810,1978,1429,18,4,13,1,0,1,1
1978,0,1,1,8,0,7,1,130,3,9,665,671,3417,17,12,14,1,0,0,3
1436,0,2,0,0,1,59,1,140,5,3,1681,1710,1528,10,8,7,1,1,0,2
1396,0,1,1,0,0,27,0,198,3,19,224,687,2187,6,5,20,1,1,0,1
478,0,2,0,12,1,53,0,127,4,18,482,1040,2257,13,11,2,1,0,1,1
1757,1,1,1,5,1,44,1,174,3,7,347,1404,2008,9,2,3,1,1,0,2
543,1,0,1,2,1,7,0,130,5,14,218,629,1741,13,4,16,1,1,0,0
842,1,1,0,0,0,62,0,100,4,14,611,681,433,11,6,17,0,1,1,0
1539,0,1,0,0,1,19,0,100,6,1,713,1440,641,12,10,14,1,1,0,0
1065,1,1,0,4,0,45,0,199,1,5,171,1208,543,9,1,10,1,1,0,0
889,0,1,1,1,0,17,0,172,1,2,534,1870,3049,12,3,5,0,0,1,2
1572,0,0,1,3,0,21,0,122,6,6,559,1652,2234,9,1,18,1,0,0,2
1572,0,3,0,0,1,46,1,142,8,0,353,791,2317,7,4,20,1,0,0,2
893,0,1,0,1,0,67,1,153,7,2,1174,1267,3738,8,7,9,1,1,1,3
1032,0,1,1,10,1,37,0,138,6,12,1054,1171,1759,18,4,14,1,1,1,1
720,1,1,1,4,0,65,0,161,7,5,114,789,3447,6,5,10,1,1,0,2
948,1,1,1,11,0,57,1,82,8,13,229,1209,683,18,10,5,0,1,0,0
525,1,2,1,7,1,49,0,130,4,19,568,624,3882,16,1,4,1,0,1,3
1057,0,2,0,2,1,12,0,153,8,5,961,1868,602,9,7,15,1,0,0,0
1015,1,1,0,2,1,30,1,190,1,4,29,1620,2153,10,10,2,1,0,0,1
1884,0,1,1,14,1,16,0,158,4,17,1654,1814,3040,12,4,2,1,0,1,3
959,1,3,0,16,1,17,1,115,8,19,198,1896,1840,16,7,10,1,0,0,1
1651,1,2,0,3,1,62,1,178,6,11,966,2050,1374,17,7,18,1,0,0,1
849,0,0,0,1,1,13,0,205,8,4,1020,1929,3620,10,9,18,1,0,1,3
1070,1,2,0,12,0,15,0,109,8,14,887,1324,737,12,2,17,1,1,1,0
1794,0,1,0,11,0,59,0,119,3,14,73,877,2941,13,11,16,0,1,0,3
1650,1,3,0,7,1,63,1,189,4,12,1293,1279,929,8,4,9,1,1,0,1
1701,1,2,0,8,1,41,0,179,2,10,1771,1842,3243,19,10,20,1,1,0,3
626,0,1,0,0,0,15,1,109,5,2,306,782,1644,19,0,9,0,0,0,0
1866,0,1,1,1,1,9,0,136,2,2,740,783,3661,18,12,16,1,0,0,3
621,1,3,0,0,1,64,0,183,8,1,106,638,3467,5,3,7,1,0,0,2
1158,1,1,0,1,0,5,1,160,5,17,893,1376,565,8,7,17,0,0,1,0
1277,1,3,1,3,0,38,1,156,7,15,1092,1690,1702,10,0,12,0,0,0,1
986,1,2,0,14,0,13,0,160,4,15,87,736,3223,10,9,10,1,1,1,2
1214,0,1,0,3,1,50,0,83,2,9,591,1475,1371,9,3,16,1,0,1,1
596,1,2,0,0,0,10,1,129,6,9,1270,1716,2803,16,8,11,1,0,0,2
805,1,3,0,3,0,29,1,155,5,17,194,1156,3826,13,10,7,1,0,0,3
530,0,2,0,12,1,6,1,144,2,15,582,643,3324,9,8,6,1,1,0,2
1463,0,3,0,0,1,59,0,166,1,2,757,1628,2785,12,8,13,1,0,1,3
1743,1,1,0,0,1,23,1,198,1,0,292,1276,1073,5,4,12,1,0,1,0
807,0,0,1,0,1,54,0,132,2,0,338,545,339,17,3,7,1,0,1,0
1661,1,3,0,3,1,35,1,113,6,19,341,511,3467,17,15,9,1,0,0,3
522,0,1,1,7,0,39,0,202,2,12,729,1881,1620,6,1,14,0,1,0,1
1703,0,1,0,5,1,35,0,165,3,7,893,1501,1642,15,12,14,1,1,0,1
1855,1,0,1,11,1,53,1,92,1,17,1790,1864,2623,7,2,6,1,0,1,3
1784,0,3,0,0,0,54,1,117,6,2,176,1164,2618,6,0,8,1,0,0,2
1966,0,0,1,5,0,19,1,184,6,20,64,1062,627,7,4,8,1,1,1,0
1722,0,0,0,9,1,23,1,157,7,18,1212,1288,3594,9,1,20,1,0,1,3
1576,0,2,0,4,1,26,0,195,6,17,1248,2011,1453,6,4,7,1,1,1,1
698,0,2,0,11,1,12,0,80,8,15,552,1381,477,17,11,5,1,1,1,0
667,0,3,1,3,1,7,1,146,2,6,509,751,1273,9,0,16,1,0,0,0
1898,1,2,1,6,0,47,0,201,4,10,721,874,669,6,0,3,0,0,1,0
1210,0,1,0,12,0,64,0,170,5,18,184,1795,1147,14,3,17,0,0,1,1
1016,0,2,0,6,0,48,1,135,1,17,607,1949,1632,7,0,8,0,1,0,1
645,0,1,0,0,0,21,0,166,4,14,692,1154,2985,7,5,18,1,1,0,2
1517,1,2,0,12,1,4,0,146,5,20,146,856,2554,5,3,11,1,0,0,2
692,1,0,0,6,0,33,1,158,5,9,499,850,1426,12,11,19,0,1,0,0
1670,1,1,1,0,1,41,0,112,2,0,537,639,3259,12,5,10,1,1,0,3
999,1,2,1,0,1,40,0,121,8,18,54,1968,2055,11,7,16,1,1,0,1
946,1,2,0,5,1,60,0,191,7,17,464,1741,2860,6,4,2,1,0,0,2
573,1,0,0,9,1,60,0,168,5,14,628,1111,2908,14,12,5,1,1,1,2
1789,0,1,0,5,0,31,1,186,8,17,272,1130,3873,7,0,7,1,0,1,3
1030,0,3,0,1,1,57,1,140,5,12,440,860,891,7,0,20,1,0,0,0
1640,1,2,0,2,0,33,1,194,8,5,136,971,951,13,10,12,0,1,1,0
1156,0,1,0,0,0,48,0,109,4,10,336,892,1367,10,3,16,1,1,1,1
992,1,2,1,2,1,8,1,135,5,3,555,973,2684,15,11,13,1,1,0,2
1490,0,2,0,5,1,42,1,121,2,7,857,1037,2094,12,4,3,1,0,0,2
1395,0,2,0,16,0,43,1,150,1,20,1652,1890,1229,10,6,5,0,0,1,1
1610,1,2,0,6,0,21,1,137,2,11,281,818,2317,16,1,16,0,1,0,2
699,0,1,0,6,0,51,0,190,3,8,626,906,2755,19,8,9,0,0,1,1
1093,1,1,1,0,0,30,0,145,2,7,1267,1684,2050,8,7,14,0,1,1,2
1748,0,0,1,7,0,30,0,124,2,10,299,615,3672,5,1,19,0,0,1,3
1197,0,2,1,0,0,41,0,93,5,1,1426,1587,3650,13,7,9,0,0,1,3
1142,0,2,0,0,0,32,0,143,2,7,383,1276,2190,12,6,19,0,1,1,1
1561,1,0,1,1,1,18,1,116,2,8,449,1250,1567,17,3,12,1,0,1,1
819,1,1,0,1,1,55,0,146,5,17,134,778,2392,10,1,20,1,1,1,1
580,1,1,0,0,0,13,0,101,6,10,82,795,3606,10,7,4,0,1,1,2
930,0,1,0,5,1,56,0,136,3,15,105,526,2751,11,5,13,1,0,1,2
799,0,3,0,0,1,18,0,158,7,0,6,818,1096,11,1,17,1,1,0,0
641,1,1,1,3,1,23,1,155,1,9,300,1446,2101,13,6,2,1,0,0,1
1423,0,2,1,11,1,3,0,117,8,17,557,1031,2261,15,4,7,1,0,1,2
888,0,1,0,2,0,52,0,170,3,3,188,1483,453,14,7,17,1,0,0,0
1354,1,2,1,0,0,41,0,129,2,1,205,1329,2299,6,4,7,1,0,1,2
1094,0,1,0,3,1,38,1,120,4,4,593,777,1334,16,0,11,1,0,1,0
1752,0,1,0,0,0,15,1,100,3,0,1425,1973,1259,5,0,14,1,0,0,1
536,0,1,1,0,1,54,0,152,4,14,663,1576,561,17,14,8,1,1,1,0
1249,0,0,1,3,0,12,1,183,4,6,553,596,902,13,1,14,1,0,1,0
1067,1,3,1,1,1,63,1,174,3,11,1013,1106,3148,13,3,4,1,0,0,3
717,1,3,1,0,1,63,0,203,1,9,681,727,3836,9,1,17,1,1,0,3
1049,0,1,0,5,1,6,0,143,6,8,60,528,3176,15,7,7,1,0,1,2
2064,1,1,1,0,1,15,1,128,2,0,1330,1696,1726,15,9,20,1,1,1,2
1447,0,1,1,8,0,38,1,81,8,20,941,891,1654,17,0,19,0,0,0,1
1938,1,2,0,6,1,16,1,122,8,11,80,631,2906,5,4,13,1,1,0,2
1411,0,1,0,12,1,20,1,141,1,18,640,903,1798,19,12,16,1,0,1,1
1765,1,1,1,8,0,28,1,115,5,16,442,932,1856,10,9,7,1,1,0,2
952,0,2,1,2,0,31,1,175,8,15,543,1191,672,10,8,7,0,0,1,0
760,1,0,1,0,1,27,0,136,8,0,445,1014,1711,12,8,10,1,0,0,1
1419,0,2,1,1,1,16,0,100,3,10,988,1281,1498,17,8,12,1,0,1,1
916,0,1,1,1,1,35,1,189,7,14,981,1395,1143,19,6,4,1,1,1,0
660,1,2,0,9,0,38,0,104,5,21,394,1877,1367,12,7,8,0,1,0,1
872,0,0,1,1,1,48,1,192,3,14,1345,1448,3740,13,0,6,1,0,1,3
1907,1,1,1,1,0,24,0,184,8,3,1215,1430,1494,15,7,17,0,1,0,2
1996,0,1,1,16,1,48,0,149,1,16,1189,1901,1239,6,4,19,1,1,1,2
1463,0,1,0,2,0,50,1,85,5,16,1112,1504,2575,17,2,15,1,1,1,3
911,1,0,0,1,1,51,0,149,2,15,199,880,2833,17,1,6,1,1,1,2
1482,1,3,0,2,0,57,0,116,1,3,352,943,1643,9,2,19,0,1,1,1
1069,1,0,1,0,0,50,0,147,7,0,678,799,2951,6,0,18,0,1,0,2
713,0,1,0,12,0,12,1,92,6,19,138,1439,2402,12,6,3,0,0,0,1
1521,0,1,1,0,1,67,0,102,3,7,111,1436,2927,7,3,7,1,1,1,3
1802,0,0,0,9,0,35,1,166,4,19,774,880,757,14,1,14,0,0,1,0
715,1,1,1,0,0,64,0,102,7,10,958,1680,1012,18,4,9,1,0,1,0
1102,1,2,0,0,1,31,1,96,6,10,299,927,954,16,6,5,1,1,0,0
886,0,2,0,0,0,31,1,86,4,0,283,1035,1585,11,7,18,1,0,0,1
764,0,2,0,4,0,27,1,173,4,10,352,1459,513,10,0,14,0,1,0,0
662,1,1,1,13,0,63,0,187,5,21,703,1102,1487,15,10,21,1,0,1,0
1602,0,2,0,0,1,24,0,174,8,0,135,1675,3583,7,5,5,1,1,0,3
2009,0,3,1,0,1,41,1,94,3,13,1051,1550,1747,16,9,11,1,1,1,2
592,1,1,1,1,0,51,1,92,8,2,1628,1866,1818,16,9,7,0,1,0,1
1343,0,1,1,4,1,11,1,204,5,7,1788,1928,4048,17,15,2,1,1,1,3
1830,1,3,0,16,1,32,1,167,6,18,1246,1469,3674,17,6,13,1,0,1,3
1503,1,2,0,5,1,56,0,120,2,6,258,533,3908,18,12,10,1,1,1,3
1644,0,3,0,2,1,44,1,117,6,13,1487,1725,3931,17,10,10,1,1,1,3
1080,1,3,0,10,0,52,0,183,2,12,133,1768,3107,16,1,13,0,1,1,3
1749,1,2,1,19,1,50,0,109,1,18,241,506,3480,6,4,16,1,1,1,3
613,0,1,1,7,1,23,0,117,3,17,459,800,3759,10,2,18,1,1,0,3
866,1,1,0,2,1,58,1,158,2,3,1074,1205,1926,16,8,8,1,1,1,1
1370,1,3,0,0,1,53,1,117,3,1,816,1810,3432,11,2,16,1,1,0,3
1440,1,1,0,6,1,9,1,115,8,13,101,757,1697,11,4,17,1,0,1,1
1115,0,1,1,2,1,49,1,133,5,4,121,677,2989,15,13,9,1,1,1,2
1658,0,0,0,0,1,59,1,159,1,13,1096,1559,3310,17,0,18,1,1,0,3
951,0,1,1,11,0,12,0,164,1,15,271,563,1012,8,4,16,1,0,0,0
1199,0,1,0,1,1,30,0,184,2,8,179,874,315,18,5,20,1,0,0,0
1242,1,3,1,2,0,54,0,125,2,3,219,760,3797,18,10,8,1,1,1,3
1843,0,2,0,4,1,10,1,139,8,10,390,1025,3254,14,8,17,1,0,1,3
650,1,3,1,0,1,8,0,92,3,0,778,758,606,17,6,4,1,1,0,0
1843,0,1,0,2,0,43,0,144,3,3,553,1070,1354,16,7,3,0,0,1,1
1171,0,1,0,3,1,20,1,148,6,7,657,1620,1728,19,5,4,1,1,1,1
1015,1,3,1,5,1,22,1,185,8,12,485,806,1290,8,6,12,1,1,0,0
1657,1,1,0,1,0,61,1,130,1,3,617,824,3272,6,4,5,0,1,0,3
1812,0,0,1,0,1,30,0,132,1,17,1647,2017,1326,16,0,17,1,0,1,2
1930,1,2,0,2,1,12,0,82,5,20,283,616,1913,13,3,15,1,1,1,1
1311,0,0,0,12,0,32,1,185,2,20,46,639,2117,7,4,16,1,0,1,1
1929,1,2,1,1,1,59,0,84,7,3,200,1279,3784,10,7,10,1,0,0,3
1262,1,3,0,5,0,10,0,160,6,10,332,1957,957,18,11,20,0,1,1,0
1721,1,2,1,0,0,54,0,178,3,1,414,513,2544,10,1,11,1,1,1,2
1436,0,2,0,4,1,12,1,167,5,16,1592,1675,1265,13,9,5,1,0,0,1
1956,1,2,0,18,0,56,1,189,1,19,1685,1700,3393,5,4,14,1,1,0,3
1609,1,2,0,6,1,13,0,116,7,7,557,1011,1553,17,10,12,1,1,1,1
1792,0,2,1,5,0,7,0,97,4,6,652,818,1652,9,4,3,0,1,1,1
1100,1,3,1,0,0,49,0,180,2,2,1090,1107,1917,8,4,5,1,1,1,1
1236,0,3,0,0,1,42,0,198,4,3,928,1071,410,9,4,14,1,1,1,0
1163,0,1,0,1,0,42,1,200,5,2,1236,1270,478,12,8,17,1,1,0,0
1477,1,1,1,6,1,47,1,136,7,12,554,1658,3432,13,11,2,1,1,1,3
1936,0,3,0,7,1,39,0,125,7,15,177,1070,3820,8,6,11,1,0,0,3
1200,1,1,0,0,0,16,1,112,5,0,234,1299,2658,11,3,9,0,0,1,2
1644,1,0,0,5,1,23,0,88,6,7,134,532,795,7,3,17,1,1,0,0
2044,1,0,1,3,0,41,1,88,6,10,342,660,2902,9,4,3,0,1,1,2
1190,1,1,1,0,1,48,1,163,2,0,313,559,480,7,0,15,1,1,0,0
2048,1,2,1,7,0,57,0,153,8,9,569,800,2387,11,5,4,1,0,0,2
1424,0,3,1,0,1,41,1,120,8,1,1847,1842,2698,11,5,18,1,1,0,3
1467,1,1,1,4,1,36,1,96,5,13,115,1497,2985,10,5,16,1,1,1,2
487,0,1,1,15,1,25,1,131,3,18,376,1205,2276,19,3,4,1,0,0,1
1621,1,1,0,10,1,22,1,167,7,14,564,1316,346,16,3,5,1,1,0,0
633,1,3,1,3,1,10,1,106,2,9,715,1769,1055,6,1,4,1,0,1,0
500,0,1,1,5,1,8,0,107,3,13,207,1306,2513,11,0,12,1,0,0,1
1697,1,1,0,6,1,63,1,116,7,12,1527,1792,1502,12,10,16,1,1,0,2
1080,1,2,0,4,0,53,1,108,3,9,587,1244,2582,9,3,9,1,0,1,2
1745,0,1,0,8,1,12,1,108,7,17,396,1577,1491,17,16,12,1,1,1,1
896,0,0,1,0,1,49,0,159,8,6,108,1894,1600,17,15,12,1,0,0,1
1995,0,2,0,13,0,57,1,109,7,15,705,1535,273,15,4,17,1,0,1,0
601,1,3,0,15,1,45,0,119,1,16,58,1202,2522,14,11,14,1,0,1,1
643,1,1,1,2,1,62,0,173,5,4,530,845,2256,14,9,20,1,1,0,1
1934,0,1,0,0,0,22,1,120,3,7,883,1227,2245,9,8,7,0,0,1,2
800,0,1,0,9,0,8,0,156,5,20,680,667,1307,17,13,2,0,1,1,0
1873,1,2,0,4,1,18,1,143,3,5,69,682,3311,18,15,7,1,0,0,3
740,0,3,1,7,0,6,0,97,2,10,715,1459,914,12,6,18,0,1,1,0
1203,1,1,1,9,0,21,0,129,5,10,223,1787,2962,19,7,13,1,1,1,2
1506,1,2,0,0,1,20,1,142,3,0,410,1565,1360,16,1,16,1,0,1,1
2041,1,1,1,6,1,27,1,127,1,11,357,1247,3717,11,10,10,1,1,1,3
1102,0,1,0,0,0,8,0,154,1,4,1074,1317,1911,11,2,6,0,1,1,1
1726,1,0,1,4,1,33,1,123,4,5,841,1013,741,18,2,5,1,1,1,0
901,1,1,0,0,0,55,0,86,8,0,649,987,3144,12,9,4,1,0,0,2
1236,0,1,0,4,0,16,0,125,4,8,456,1463,2722,7,1,15,0,0,1,2
1259,1,0,0,2,0,10,1,97,7,7,304,532,482,16,6,14,1,1,1,0
1516,1,2,1,7,1,19,0,167,7,15,1279,1359,1506,7,4,13,1,1,1,1
569,0,0,1,2,1,24,1,117,3,3,1004,1527,2955,7,3,14,1,0,0,2
749,1,1,1,1,0,13,1,153,8,2,367,507,3042,18,7,6,1,1,0,2
1136,1,2,1,9,0,48,0,187,6,10,1359,1494,604,9,3,19,1,1,1,0
1003,0,3,1,11,1,65,0,196,4,19,1409,1686,2678,14,11,15,1,1,0,2
824,0,1,1,7,1,45,0,86,8,8,1116,1378,3538,13,11,9,1,1,0,3
830,0,1,1,6,1,21,1,113,2,12,653,2020,1713,12,2,3,1,0,0,1
982,1,2,1,2,1,11,0,121,2,9,528,1192,2395,11,7,16,1,0,0,2
931,0,1,0,6,0,54,1,193,8,18,519,1422,929,20,10,12,0,1,0,0
771,1,1,1,7,1,8,1,134,7,8,547,1748,421,7,6,15,1,0,0,0
1497,0,3,1,10,1,40,1,98,4,20,181,724,1959,7,0,9,1,1,1,1
1242,0,1,1,0,0,2,1,164,1,1,1205,1800,865,15,13,20,0,1,0,1
1582,1,2,0,6,1,14,0,125,6,9,262,988,2444,9,2,9,1,1,1,2
1598,1,0,1,0,0,20,1,122,2,0,1605,2026,669,14,9,13,1,1,1,1
1127,1,2,0,4,0,29,0,109,6,5,1635,1674,3664,16,14,8,1,0,0,3
1013,0,2,0,0,0,43,0,100,5,2,1184,1479,3467,9,0,15,0,0,0,3
747,1,1,1,2,1,8,0,142,1,4,1677,1894,2485,7,0,15,1,1,1,2
630,1,2,0,3,1,20,1,152,7,4,353,494,3280,16,9,19,1,0,0,2
1512,0,3,0,0,0,27,0,119,3,1,183,1720,1179,8,3,19,0,1,1,1
756,1,2,1,9,1,28,0,143,6,11,474,1205,1224,15,4,6,1,1,1,0
1897,1,1,0,0,0,25,0,158,2,0,93,807,320,13,11,4,1,0,1,0
1451,0,2,1,12,1,53,0,93,2,18,193,1340,2446,10,1,10,1,1,1,2
902,0,1,1,3,0,15,1,196,4,4,1575,1646,3071,16,3,11,0,1,0,3
1815,0,2,1,2,0,60,0,183,6,6,1270,1754,3722,20,9,8,0,0,1,3
1621,0,1,1,12,1,14,0,190,4,15,1062,1140,2804,6,5,4,1,0,0,3
1730,0,2,1,0,0,7,1,122,7,6,900,1486,1446,6,1,17,1,0,0,1
869,0,2,1,7,0,18,0,141,2,11,1112,1796,3243,13,8,16,1,0,0,3
1029,1,2,1,3,1,41,1,123,8,16,477,2070,608,16,14,11,1,0,0,0
1987,1,2,1,2,0,31,1,153,1,17,793,1609,3059,13,5,20,0,0,1,3
1348,1,2,1,14,1,61,1,80,1,16,202,1362,668,9,6,7,1,1,0,0
1792,1,2,0,4,1,11,0,201,7,13,371,587,449,18,16,14,1,0,0,0
1813,0,3,1,2,0,42,1,99,6,8,1091,1972,369,14,5,3,0,1,0,1
1530,0,3,0,2,0,29,1,110,7,8,1125,1763,2549,9,5,10,1,1,1,2
1156,1,1,1,1,1,30,1,136,1,14,567,1293,415,6,1,10,1,1,1,0
1721,0,2,0,4,0,41,0,171,6,21,593,1408,2249,14,1,11,0,1,0,2
1563,1,3,1,4,1,37,1,115,3,21,466,789,1045,8,7,21,1,0,0,0
1820,1,0,0,1,0,28,0,179,7,12,1020,2073,3386,14,4,15,1,0,1,3
729,1,0,1,3,1,26,0,109,5,10,59,878,3633,9,4,15,1,1,0,2
1974,0,3,1,1,0,16,1,151,3,9,227,1446,805,14,2,19,0,1,0,0
769,1,1,1,7,0,2,1,141,2,14,505,632,3510,13,9,3,0,1,0,2
1877,0,3,1,0,1,16,1,172,8,11,965,1134,2242,7,3,19,1,1,0,2
929,1,1,1,2,0,58,1,186,6,7,62,574,1170,7,1,8,0,1,1,0
593,1,3,1,3,0,34,1,131,3,16,705,1064,3885,14,1,9,0,0,1,3
831,1,2,0,11,0,36,0,91,3,18,544,759,706,11,4,14,0,1,0,0
1726,0,1,1,4,1,41,1,206,7,6,356,1039,3475,7,6,6,1,0,0,3
1818,1,2,1,0,1,64,1,169,1,3,1180,1854,601,10,2,19,1,1,0,1
1014,0,1,0,14,1,7,1,92,3,18,859,1692,1164,13,9,8,1,0,1,1
1315,0,1,1,3,0,12,0,134,7,4,1225,1345,2550,19,8,10,1,1,1,2
1275,0,1,1,10,1,30,1,131,6,15,299,611,1025,11,9,11,1,0,0,0
816,1,3,1,13,0,63,1,145,8,19,845,1420,922,13,11,18,1,1,1,0
921,1,1,0,9,1,50,0,115,4,10,1466,1826,2512,10,1,5,1,0,1,2
1294,0,2,1,12,0,35,0,152,5,16,216,720,3191,13,3,4,0,1,1,2
1607,1,2,0,1,0,22,1,128,7,2,885,1244,752,10,8,19,1,0,0,0
1762,1,1,1,5,1,49,1,168,8,6,942,1711,1619,17,9,17,1,1,0,2
1109,1,1,1,6,0,6,1,181,8,8,522,883,682,12,4,5,0,1,1,0
1943,0,2,0,0,1,7,0,141,1,2,235,1480,2259,10,1,10,1,0,0,2
1797,1,2,0,3,1,22,0,85,2,8,362,623,2711,9,2,4,1,0,1,2
1062,0,2,0,1,0,34,0,172,1,4,163,1073,2753,13,5,17,1,0,1,2
797,1,1,1,1,0,63,0,84,2,7,353,622,3717,17,10,9,0,0,0,3
1008,1,2,1,5,1,5,0,175,5,8,257,911,597,15,7,4,1,1,1,0
493,0,2,1,0,0,9,0,161,6,2,1423,1841,2673,18,8,10,1,1,1,2
695,1,2,0,7,0,31,0,188,7,8,894,1160,1996,9,0,14,0,0,0,1
1415,1,0,1,11,0,12,1,117,2,14,894,1165,3854,5,3,15,0,1,1,3
570,1,3,0,1,1,29,1,126,2,3,92,1336,1112,5,3,19,1,0,0,0
656,0,3,0,3,0,34,1,204,2,14,316,1028,3291,13,5,12,0,0,0,2
723,0,0,1,7,1,62,1,177,7,10,1822,1956,1010,6,3,5,1,0,0,1
1713,1,3,1,13,1,25,1,184,1,14,290,519,1885,14,10,21,1,1,1,1
666,0,2,0,3,1,62,1,98,4,4,1178,1910,379,18,4,8,1,0,1,0
1506,1,1,1,0,1,28,0,111,5,7,648,1192,430,10,8,11,1,0,0,0
1799,0,3,0,1,1,61,1,107,3,7,21,847,3901,5,4,6,1,0,1,3
735,0,2,0,4,1,64,1,89,2,8,107,1800,1994,15,10,12,1,0,0,1
1943,1,1,0,8,0,30,1,196,8,18,50,1356,2291,17,9,17,1,1,0,2
1197,1,2,1,0,0,56,0,193,6,2,1206,1406,488,12,7,7,0,1,0,0
1856,1,1,1,0,1,5,0,191,3,8,342,1309,791,9,3,13,1,1,0,0
1331,0,2,0,1,1,50,1,138,7,2,480,504,2096,8,0,10,1,0,0,1
1954,1,1,0,17,1,33,0,159,2,17,1140,1851,680,19,2,2,1,0,1,1
1906,1,1,0,4,1,54,1,147,7,8,1658,1951,615,7,5,4,1,0,0,1
1092,0,1,0,3,0,40,0,203,5,12,716,1576,1519,17,11,19,1,0,1,1
1251,1,2,0,10,1,16,0,95,2,17,17,661,421,10,5,4,1,1,0,0
1182,1,1,0,9,1,48,1,140,8,10,787,1609,1436,5,0,11,1,0,0,1
1933,0,2,0,9,0,25,0,87,1,16,193,949,3440,17,10,3,0,0,0,3
571,1,0,1,2,0,17,0,157,5,12,934,1005,359,18,14,3,0,1,1,0
1977,0,0,1,3,1,49,0,173,8,20,281,1330,1626,17,12,3,1,1,1,1
1761,1,2,0,9,1,5,1,201,6,15,110,1973,1481,15,6,2,1,0,1,1
879,1,1,1,14,1,20,1,120,6,19,1017,1979,660,17,0,10,1,0,1,0
1899,1,1,1,2,0,39,1,184,8,18,1162,2042,1173,11,2,20,0,1,0,2
1787,1,2,0,10,1,15,0,107,8,12,1051,1327,2215,8,3,11,1,1,0,2
1266,1,2,1,6,0,58,1,134,8,9,439,874,1168,16,0,8,0,0,0,0
502,1,1,1,12,0,52,0,168,3,16,133,624,1470,9,7,8,1,0,0,0
1452,1,2,0,6,1,21,0,167,4,10,190,1147,738,14,10,10,1,1,1,0
1397,0,1,1,16,1,23,1,80,4,19,1433,1717,1102,14,11,16,1,1,1,1
1028,1,3,0,13,1,47,1,137,4,14,344,1110,3575,17,11,2,1,0,1,3
721,1,3,0,5,1,52,0,177,4,12,305,1000,2757,10,1,16,1,0,1,2
1186,0,1,1,16,1,27,1,80,1,21,705,705,1591,15,3,9,1,0,1,1
928,1,0,1,5,0,14,0,186,5,8,1389,1712,1628,11,6,13,0,1,0,1
496,1,0,1,2,1,45,1,166,5,14,284,1717,2079,13,5,8,1,0,0,1
1942,0,0,0,13,1,53,1,182,1,16,352,542,359,14,9,3,1,0,1,0
902,0,1,1,3,0,34,0,104,2,4,467,559,3848,13,3,11,1,0,0,3
660,0,2,0,9,1,14,0,182,8,13,68,1507,1201,12,8,12,1,0,0,0
1201,0,2,0,6,1,35,1,163,5,16,978,1882,3305,16,14,15,1,0,0,3
1361,0,1,1,2,0,11,1,188,2,4,771,1188,1289,5,0,9,1,1,0,1
1401,1,2,1,3,1,23,0,109,5,4,192,1392,2413,8,4,8,1,0,0,2
1168,1,2,0,5,0,7,0,163,2,20,80,632,877,13,10,11,0,1,0,0
1621,1,1,1,0,1,32,1,193,5,0,151,792,3417,11,1,2,1,0,0,3
1342,0,2,0,0,1,63,1,102,3,7,60,1194,3451,16,2,4,1,0,1,3
773,0,2,1,16,1,11,0,91,6,17,356,694,3287,6,1,2,1,0,1,2
1983,1,3,1,0,1,56,1,205,4,10,317,501,1090,14,10,18,1,1,0,0
1311,1,3,0,7,0,36,0,201,4,16,692,973,723,10,3,20,1,0,0,0
1797,1,0,1,1,0,17,1,136,5,7,121,1245,3278,9,7,17,0,0,1,3
568,0,1,1,1,0,51,1,101,7,10,327,995,1527,5,0,4,0,0,1,0
1621,1,3,1,3,0,39,0,166,4,4,397,1414,2958,13,11,2,0,0,0,3
1870,1,2,0,1,0,7,0,167,7,9,909,835,3905,11,9,6,0,1,1,3
1577,1,1,1,0,1,37,0,152,5,0,52,740,2656,11,11,19,1,0,0,2
1649,1,1,1,1,1,17,0,95,6,3,685,1332,2530,17,2,3,1,0,0,3
2043,0,1,0,4,0,23,0,78,7,13,249,544,896,7,4,6,1,0,1,0
1863,0,3,1,4,0,48,0,192,4,7,395,818,1456,11,5,20,0,0,1,1
830,0,2,1,5,1,8,1,167,5,9,665,1326,318,7,6,20,1,0,0,0
1690,0,2,1,0,1,20,0,143,4,10,434,1049,1627,15,0,12,1,1,0,1
1166,1,2,0,7,0,19,1,152,7,13,1510,1886,1911,7,5,2,1,0,0,2
1359,0,3,0,2,1,27,0,157,5,3,479,1254,3261,13,9,9,1,0,1,3
952,1,1,1,1,1,14,0,101,6,10,78,1032,2350,11,7,17,1,1,0,1
1828,0,1,0,6,0,23,1,129,6,20,432,1675,2873,12,6,20,1,1,1,3
1071,0,0,0,1,1,30,1,173,2,12,1325,1484,1610,12,0,6,1,1,0,1
1590,1,1,0,0,1,40,1,174,1,5,427,511,3547,10,1,15,1,0,1,3
1145,0,1,1,1,1,49,1,186,1,6,542,1625,3396,18,7,14,1,1,1,3
1996,1,2,0,11,0,9,1,95,3,12,753,1363,1444,17,8,9,0,0,0,1
1039,0,3,1,15,1,50,1,90,7,17,757,1639,3078,17,0,20,1,1,1,3
1450,0,1,1,0,1,41,1,101,3,14,241,839,4005,10,7,18,1,0,1,3
1013,1,1,0,2,1,60,1,157,7,8,359,2058,3065,11,10,7,1,1,1,3
820,0,2,0,5,0,4,0,97,3,9,506,624,2831,15,7,14,1,1,0,2
1139,0,3,1,2,0,39,0,172,6,5,423,692,2446,15,8,2,1,1,1,1
1503,0,1,1,1,0,27,0,128,5,8,278,665,993,13,8,7,1,0,0,0
1989,1,0,1,0,1,55,1,171,1,1,907,1231,3751,14,5,19,1,0,1,3
575,1,0,0,10,0,11,0,85,5,13,541,861,1920,10,4,16,1,1,1,1
1198,1,2,1,2,0,20,0,173,7,18,248,730,262,6,5,8,0,0,0,0
1043,0,1,0,2,0,18,0,162,4,14,479,1277,412,9,7,16,0,0,1,0
827,0,1,0,0,1,63,1,134,7,18,998,1031,3548,12,8,17,1,1,0,3
1829,1,1,0,13,1,46,1,148,2,15,1156,1164,1354,8,2,16,1,1,0,1
1882,0,1,1,3,0,23,1,143,6,4,1151,1123,1404,15,8,9,1,1,1,1
1265,1,0,1,3,1,5,0,154,1,9,19,489,3786,13,4,4,1,1,0,3
1543,0,3,0,4,1,46,1,119,1,5,270,1051,1843,17,9,2,1,0,1,1
1212,1,3,0,10,0,53,0,205,3,17,689,863,2322,18,11,13,1,1,0,2
572,1,2,0,9,1,6,1,207,2,15,483,989,3350,17,4,7,1,1,0,2
1261,1,2,1,0,0,29,0,145,1,6,1252,1684,1147,12,1,6,0,1,0,1
1344,0,1,0,1,0,13,1,193,1,3,428,561,2174,8,1,5,1,1,0,1
546,1,0,1,10,1,4,1,177,3,18,335,1212,2270,8,7,10,1,1,0,1
1474,0,2,0,11,0,44,1,181,6,13,450,2005,747,11,10,19,0,0,1,0
1282,1,1,0,2,0,30,1,108,5,3,316,1481,2801,18,8,7,1,0,0,2
794,1,1,1,9,1,34,0,89,6,18,23,829,2453,5,3,15,1,0,1,1
1763,1,0,1,1,0,31,0,93,2,16,704,1243,2606,9,1,8,0,0,1,3
2016,1,2,1,0,1,30,1,86,4,10,1097,1399,2521,7,3,8,1,0,0,3
1020,1,1,0,14,1,50,0,136,3,15,672,767,2462,10,1,20,1,0,1,1
1096,0,2,1,6,0,62,0,156,3,8,431,1841,1715,14,5,9,1,0,1,1
1299,1,2,1,3,0,44,1,128,6,12,220,626,2404,11,7,10,1,0,1,1
1597,1,2,1,11,0,7,0,199,1,14,407,1768,590,5,3,20,1,0,0,0
1340,1,0,1,0,1,48,1,182,8,4,387,525,2183,16,1,8,1,1,0,1
1706,1,0,0,0,0,41,1,153,4,14,914,1498,1309,8,5,15,1,0,0,1
1617,1,3,1,0,1,13,1,166,2,9,508,704,1195,12,11,17,1,1,1,0
1524,1,2,0,3,1,52,1,164,5,11,304,644,1772,6,3,10,1,0,0,1
1388,0,1,0,9,0,59,0,84,3,10,2,685,1848,15,10,18,0,0,1,1
880,1,2,1,1,1,27,1,189,2,2,150,781,2506,8,4,13,1,1,1,1
824,1,1,1,8,0,40,0,200,6,14,553,855,2856,11,5,15,0,1,1,2
1839,1,0,0,6,0,26,0,196,4,11,1381,1496,2732,18,16,14,1,1,1,3
1539,1,2,0,6,1,11,0,133,1,8,142,1530,741,18,8,20,1,1,0,0
1128,1,1,0,6,1,13,0,200,2,12,468,688,734,18,5,19,1,0,1,0
1163,0,1,0,4,1,19,1,93,8,17,700,1670,3243,15,3,3,1,0,1,3
909,1,0,1,6,0,8,1,152,7,9,1204,1388,567,16,8,7,1,0,1,0
764,1,1,0,9,1,52,0,102,5,12,278,1242,2746,11,6,9,1,1,1,2
1947,0,2,1,5,1,57,0,139,5,13,179,547,2743,8,2,3,1,1,1,2
1475,0,2,0,1,1,52,0,177,7,2,536,786,1763,16,14,2,1,1,0,1
923,1,0,0,0,1,48,0,91,1,17,634,1854,1243,13,3,9,1,0,1,1
1197,0,0,0,1,1,28,0,135,1,7,1954,2056,2328,13,11,10,1,1,1,3
666,1,1,0,0,0,2,1,89,3,2,269,885,390,5,2,8,1,1,1,0
822,0,1,1,2,1,18,1,154,2,15,435,803,1666,15,0,17,1,1,1,0
1633,0,0,1,4,1,27,1,206,1,10,164,1021,3192,16,2,6,1,0,1,2
504,0,1,0,7,0,51,1,81,6,8,272,1137,2538,5,4,20,1,1,0,2
1702,0,2,0,1,0,13,1,98,3,2,185,740,537,5,0,4,0,1,1,0
595,1,2,0,1,0,26,0,190,5,2,400,550,699,18,5,17,0,1,1,0
1944,1,3,0,8,1,2,0,112,4,16,239,1121,2099,19,1,9,1,0,1,2
630,0,1,1,1,0,58,1,136,3,2,485,776,576,19,12,9,0,0,1,0
500,0,1,1,0,0,3,0,186,7,1,420,1977,2803,5,0,8,1,0,1,2
1010,1,2,1,11,1,25,1,150,8,18,602,668,2913,17,13,5,1,0,1,2
600,1,2,1,0,1,66,1,140,2,1,822,1756,2544,14,3,5,1,1,0,2
1610,1,1,0,4,0,8,0,162,5,7,739,1442,1996,12,7,15,1,1,0,2
700,0,2,0,10,0,59,1,146,5,15,191,776,1813,7,0,14,1,0,1,0
1606,0,1,1,15,1,34,0,173,5,19,111,1379,3237,13,9,6,1,0,1,3
1736,1,1,1,12,1,50,0,115,4,20,739,1120,2718,16,0,9,1,0,0,2
1243,1,3,1,15,1,16,0,116,4,20,1146,1625,3432,17,13,10,1,0,1,3
1143,1,1,0,7,0,28,0,90,8,8,1704,1848,3004,8,4,2,1,0,1,3
689,1,2,1,2,0,21,0,108,8,8,736,1987,814,6,1,11,1,1,0,0
1776,1,1,0,4,1,20,1,141,2,5,1006,1781,2395,14,1,5,1,0,0,2
721,1,2,1,15,0,37,0,199,4,21,1025,1222,3560,12,8,5,1,0,1,3
1072,0,1,1,2,0,11,0,118,1,17,273,1683,3994,8,3,7,1,0,0,3
1667,1,2,1,0,0,56,1,192,3,11,1542,1716,1212,13,4,19,0,1,1,1
1313,0,1,1,3,1,16,1,167,6,17,696,1775,3098,15,8,20,1,1,0,3
1353,0,3,1,2,0,58,1,189,8,6,1287,1794,1444,14,1,21,0,1,1,1
997,1,2,0,1,0,44,1,182,7,7,962,961,1283,20,13,18,1,1,0,0
1216,0,2,1,6,0,57,0,81,3,17,92,1386,2606,17,14,10,1,1,0,2
1898,1,0,1,0,1,19,1,168,6,2,365,1067,1943,12,7,6,1,1,0,1
699,1,2,0,13,1,34,0,156,2,17,672,1426,3890,15,1,4,1,1,1,3
761,1,2,1,0,1,45,0,120,8,2,15,1198,1013,11,9,3,1,1,1,0
557,0,2,1,8,0,37,0,183,7,21,176,1244,2721,13,5,8,1,1,0,1
1958,1,0,0,1,1,26,1,93,4,9,316,704,2228,19,8,7,1,0,1,2
881,0,2,0,1,0,7,1,189,2,2,20,732,2449,9,7,19,0,0,1,1
1725,1,2,0,3,0,43,0,190,5,17,1769,1839,2563,18,1,14,1,0,0,3
1292,1,2,1,1,0,41,1,184,1,5,190,929,2721,9,4,14,1,1,1,2
848,0,1,1,0,1,4,1,133,6,1,71,2056,806,12,6,3,1,1,0,0
1058,1,2,1,8,1,37,1,98,3,11,880,1025,2671,15,5,3,1,1,1,2
1035,0,1,0,1,0,6,1,203,4,17,1160,1853,546,6,1,11,0,0,1,0
1889,1,2,0,0,0,49,0,93,8,2,280,788,2801,7,2,11,1,0,1,3
1921,1,0,0,5,1,37,0,190,6,18,1100,1903,591,17,15,14,1,1,0,1
1191,1,2,0,9,0,32,1,154,1,19,502,549,3933,10,5,13,1,1,0,3
1941,1,2,0,11,0,16,1,179,8,13,1921,1891,1835,16,3,13,0,0,1,2
2003,1,1,1,2,1,7,1,86,8,4,660,717,467,11,8,6,1,1,0,0
1221,1,2,1,6,0,27,1,129,5,7,422,661,1024,11,5,9,0,1,1,0
1487,0,3,1,1,0,52,0,101,8,8,203,1429,777,16,1,17,0,1,1,0
1712,1,1,0,0,1,24,0,139,7,2,297,1039,3787,8,1,7,1,0,1,3
1660,1,2,0,0,1,9,1,103,2,1,623,826,3019,18,16,6,1,0,0,3
900,0,1,1,3,1,4,0,107,1,4,1404,1448,1055,12,10,4,1,1,1,1
605,0,1,0,6,0,31,0,160,7,7,1190,1383,1624,6,2,7,1,0,0,1
1069,1,2,0,0,0,40,0,124,7,3,384,883,2158,10,7,2,0,1,0,1
1417,0,3,1,10,0,48,0,101,7,17,674,815,2400,13,6,5,0,1,1,2
1544,0,2,1,8,0,32,1,190,1,16,168,836,806,7,6,8,0,0,0,0
1261,1,2,1,4,0,9,0,108,1,6,397,1350,3633,11,10,6,0,1,1,3
687,0,1,1,8,1,13,1,85,7,15,1072,1249,3284,15,7,2,1,1,1,3
1371,0,0,0,10,1,41,0,93,1,21,920,909,1637,12,0,14,1,0,0,1
697,1,3,1,0,0,35,0,187,4,1,63,716,1519,10,0,13,0,0,0,0
1244,1,1,1,0,1,9,1,117,2,0,1381,1615,2877,13,11,15,1,0,1,3
1781,0,1,1,6,0,53,1,124,6,10,96,1759,266,14,8,9,1,0,0,0
1342,0,1,1,5,1,7,1,166,7,20,874,843,2875,19,11,10,1,1,0,2
1746,1,2,0,4,0,45,1,178,2,11,1063,1307,3667,17,7,4,1,1,0,3
1110,1,3,0,3,1,39,1,104,3,11,316,796,2020,15,4,10,1,1,0,1
1898,1,1,1,6,0,14,1,172,8,8,602,662,2325,7,1,18,0,0,1,2
1978,1,1,0,3,1,53,1,186,3,7,1065,1555,3080,17,5,8,1,1,1,3
1009,1,2,0,4,0,17,0,172,3,20,251,1450,3701,18,7,19,1,1,0,3
1336,0,2,1,0,1,44,0,119,6,1,176,1862,1388,7,1,8,1,1,1,1
1406,1,2,1,5,0,36,0,138,6,6,446,715,2506,18,1,13,0,1,0,2
1656,0,3,0,9,0,45,0,85,3,16,633,907,2360,11,9,20,1,1,0,2
1324,1,3,1,14,1,5,1,91,4,18,81,526,3267,17,16,17,1,0,0,3
604,1,2,1,3,1,12,0,128,7,18,440,787,2506,17,1,10,1,0,0,1
1776,1,1,0,2,0,23,0,96,1,14,203,1970,2890,13,4,17,1,0,0,3
1462,0,2,0,0,1,61,0,158,6,1,620,746,2435,13,11,7,1,0,0,2
1194,1,2,0,0,1,48,1,112,7,2,1938,1912,1672,17,17,15,1,1,1,2
1754,1,2,1,10,0,57,0,161,6,18,384,1273,525,5,2,6,0,0,0,0
1404,1,3,1,9,0,20,1,129,1,17,738,1877,574,15,9,12,0,0,0,0
1788,1,1,1,0,0,19,0,141,2,3,397,636,1213,14,2,7,0,0,0,1
719,0,2,1,4,0,51,0,195,6,6,239,986,3518,7,1,14,1,1,1,2
886,0,0,1,1,0,46,0,164,8,16,437,1354,3044,8,7,6,0,1,1,2
1938,1,1,0,5,0,5,0,198,2,7,87,1584,1784,12,11,18,1,0,0,2
1448,1,1,1,0,1,6,1,86,3,9,548,1343,3594,17,1,11,1,1,1,3
1038,0,3,0,3,0,28,0,83,8,16,887,889,1213,5,3,8,1,0,0,0
1247,1,3,0,1,0,54,1,114,7,21,376,1215,1010,6,4,15,1,0,0,0
1767,0,1,0,2,0,2,1,86,7,6,187,645,3019,18,7,18,0,0,0,2
1299,1,3,0,5,1,7,0,108,6,6,576,1651,1143,7,2,7,1,0,0,1
1606,0,1,0,0,1,60,1,129,4,13,33,1486,3684,9,5,13,1,1,1,3
1250,0,1,1,4,1,50,0,92,1,5,272,715,1519,16,11,8,1,0,1,1
579,1,2,1,0,1,25,0,112,6,2,379,1416,1257,8,4,2,1,0,1,0
1837,0,1,1,0,0,14,1,107,5,1,162,1049,2493,19,6,7,1,1,1,2
925,1,1,0,3,0,3,0,138,7,9,680,1347,3303,12,11,15,0,0,1,3
949,1,2,0,9,1,60,0,206,1,12,712,756,1429,10,4,19,1,0,1,0
812,0,3,1,15,0,14,1,198,3,18,301,1442,2261,18,8,17,0,0,1,1
1322,1,1,1,3,1,25,0,131,4,6,283,923,2056,5,1,13,1,1,0,1
1728,1,1,0,1,1,17,1,144,2,3,1102,1225,1174,6,2,2,1,0,1,1
1809,0,1,1,1,0,27,0,189,6,14,982,977,1902,10,2,8,1,0,1,2
1278,1,2,1,0,1,52,1,105,4,0,173,1885,3989,7,0,12,1,1,0,3
1898,0,2,1,11,1,56,0,83,8,18,677,906,2322,14,13,2,1,1,0,2
1875,1,0,0,3,1,10,0,146,6,13,841,1682,2616,15,8,19,1,0,0,3
754,0,2,1,0,1,41,1,110,3,4,1182,1422,1925,16,4,18,1,1,0,1
1147,1,2,1,0,0,45,0,81,1,4,299,1792,3102,18,16,9,1,1,1,3
1399,0,1,1,2,1,36,0,193,2,3,227,768,1972,16,14,16,1,1,1,1
1669,0,3,0,0,1,20,0,164,7,0,620,831,3971,16,15,8,1,1,1,3
791,0,1,1,9,1,43,0,121,8,11,53,529,1342,19,1,12,1,0,0,0
1287,0,2,0,6,0,12,0,159,2,9,452,523,441,7,0,11,1,1,1,0
879,0,0,1,6,0,16,0,171,8,14,120,1582,3054,7,0,4,0,0,1,2
1218,1,0,1,0,1,34,0,141,6,6,295,1499,3724,17,17,6,1,1,0,3
1584,0,3,0,11,1,44,1,163,4,16,654,1367,2860,17,14,2,1,1,1,3
1677,1,3,0,14,0,30,1,117,6,21,282,671,3728,13,1,17,0,0,0,3
1729,0,1,1,0,1,39,0,96,8,0,1390,1863,1029,7,6,7,1,0,0,1
652,0,1,1,7,1,5,0,175,8,10,657,754,2156,15,10,16,1,1,0,1
1526,1,1,0,0,0,28,0,139,6,19,867,1538,1682,16,4,10,1,1,1,1
1103,0,3,0,0,0,27,1,189,3,4,1504,1990,1404,14,10,3,0,1,0,1
1304,0,2,0,6,1,9,0,88,3,8,74,1756,2564,9,8,13,1,1,0,2
839,0,3,1,2,0,9,0,121,1,3,1237,1627,3773,10,3,14,1,0,1,3
1496,0,1,0,12,1,2,0,185,1,14,189,1054,2518,13,12,17,1,1,1,2
769,1,3,1,1,0,43,1,157,3,9,1281,1578,3768,8,3,8,0,0,0,3
990,1,1,1,2,0,2,1,100,8,14,923,1015,1799,7,5,14,0,0,0,1
1834,1,1,1,1,1,21,1,122,8,4,288,1343,3462,7,5,16,1,0,0,3
622,0,1,1,5,1,6,1,147,8,20,951,1327,2818,14,7,8,1,1,0,2
1421,1,0,0,5,1,55,1,174,8,12,800,1407,3061,16,7,17,1,0,1,3
786,1,1,0,11,1,50,0,124,8,21,628,1359,3620,10,10,16,1,0,0,3
1846,0,1,0,3,0,11,1,83,2,7,807,1126,3788,6,5,19,1,0,0,3
647,1,2,0,13,1,33,0,145,6,14,1069,1599,3480,18,17,4,1,0,1,3
1937,1,1,0,10,1,26,0,151,8,11,144,512,2395,14,0,9,1,0,0,2
1878,1,1,1,2,1,40,1,180,2,10,158,601,4043,11,9,3,1,0,1,3
659,0,2,1,4,0,8,1,92,5,20,811,2060,3085,8,7,4,0,0,1,2
900,1,1,0,1,1,57,1,104,4,2,276,1040,1466,6,1,18,1,1,0,0
1723,0,0,0,9,1,60,1,162,7,10,231,1614,2631,9,3,7,1,1,1,3
1989,1,2,1,13,0,45,0,167,6,17,193,1173,1356,10,1,12,0,1,0,1
905,1,1,0,9,0,27,0,187,6,10,268,932,1607,7,3,6,1,0,1,0
670,1,1,1,1,1,49,0,111,7,4,693,1515,3765,18,15,6,1,1,1,3
1214,1,2,0,2,1,60,1,171,2,10,658,1517,1494,6,2,18,1,0,0,1
1672,1,2,0,2,0,11,0,157,2,13,195,1205,1143,12,6,16,0,1,1,0
655,1,3,1,1,0,21,0,194,3,4,590,1795,1235,6,3,4,1,1,1,0
1062,0,3,1,6,1,5,0,165,5,7,54,1555,1065,8,7,11,1,0,0,0
813,1,2,1,0,1,56,0,92,4,1,184,768,2726,9,3,19,1,0,1,2
584,0,2,0,8,1,38,1,160,6,19,1074,1383,804,11,7,20,1,1,1,0
816,0,3,1,0,0,33,1,96,8,17,1437,1933,2800,8,2,10,1,1,0,3
1837,0,2,0,0,0,36,1,112,5,1,279,587,1511,11,4,7,0,0,0,1
1860,1,2,1,2,1,54,0,116,1,11,355,760,3175,13,0,6,1,0,1,3
1018,1,3,1,1,0,5,1,127,4,2,653,851,3001,12,7,19,1,0,1,2
1422,0,1,0,4,0,57,0,83,2,6,1675,1959,3167,19,3,17,0,1,1,3
1875,0,0,1,0,0,25,1,190,4,0,488,1196,723,16,3,5,1,1,1,0
1362,0,2,1,8,1,25,1,144,1,12,731,1321,3603,14,3,11,1,1,0,3
1899,1,0,0,3,1,6,1,153,1,5,807,875,1478,9,5,10,1,1,0,1
1085,0,1,0,6,0,51,1,132,2,21,955,1423,659,19,18,19,1,1,1,0
972,1,2,0,4,0,7,1,103,5,10,1153,1451,1764,12,5,7,1,0,1,1
1138,1,2,0,13,0,8,0,191,3,14,381,972,870,9,6,13,1,1,0,0
984,1,3,1,7,1,2,1,109,7,15,268,1789,2366,19,8,13,1,0,0,2
1399,0,2,0,1,0,27,1,134,4,21,808,1601,315,5,2,8,0,0,1,0
671,1,1,0,0,1,50,1,191,4,4,1648,1807,992,18,4,13,1,0,0,1
821,0,1,1,0,0,8,0,197,4,1,640,1973,3941,15,9,11,1,0,1,3
1652,1,3,1,0,1,31,1,77,6,1,745,1784,1738,11,10,19,1,0,1,2
665,1,1,0,4,1,19,1,191,7,11,346,1504,728,17,1,2,1,1,0,0
786,1,0,0,15,0,11,1,94,1,15,782,1444,3054,8,6,14,1,0,1,2
1642,1,2,0,3,1,47,0,148,6,7,1411,1795,3662,17,6,19,1,1,0,3
1626,0,3,1,7,0,23,0,103,6,17,729,1533,2104,14,9,20,1,0,1,2
1986,1,0,1,0,0,41,0,192,7,18,480,955,598,8,7,17,1,1,0,0
1968,0,1,0,2,1,5,1,130,1,11,712,1354,757,16,4,6,1,1,0,1
1913,0,2,1,10,1,47,1,104,3,19,674,989,2621,13,7,13,1,0,0,2
678,0,1,0,7,1,35,0,95,8,16,570,1282,1368,15,7,6,1,0,0,0
559,0,1,0,0,1,10,0,133,4,0,1797,1921,1026,18,9,14,1,1,0,1
835,0,1,1,4,1,64,1,106,7,13,288,1112,2199,17,4,7,1,1,0,1
1429,0,2,1,0,0,23,0,114,3,1,203,714,2632,11,0,13,1,0,1,2
1074,1,3,1,5,1,56,1,168,1,13,897,1001,2087,11,5,17,1,1,1,1
751,1,1,0,5,1,31,0,160,8,7,1727,1883,4047,11,2,5,1,0,1,3
1685,0,1,1,14,0,5,1,184,8,17,406,1250,840,15,6,10,1,1,1,0
1132,0,0,0,0,1,9,1,154,6,2,1247,1697,2173,9,5,15,1,0,1,2
1121,0,1,0,0,1,12,1,189,4,6,780,1173,3251,11,0,19,1,1,1,3
1266,0,2,1,6,0,7,1,138,3,9,180,2048,1446,18,18,12,0,1,0,1
878,1,1,1,7,0,46,0,141,3,9,392,1668,1186,14,10,16,0,1,0,0
1046,0,2,0,0,0,50,0,205,4,5,1388,2020,3286,6,5,7,1,0,0,3
549,1,1,0,16,1,23,0,141,2,16,462,1976,314,17,5,8,1,0,0,0
1163,0,1,0,0,0,63,0,97,5,0,1142,1529,2435,16,9,7,0,0,0,2
1701,0,2,0,2,0,20,1,86,6,17,1546,1740,2788,16,10,12,0,1,1,3
703,0,2,1,2,0,25,1,129,3,17,502,561,3905,9,2,7,1,0,1,3
1239,1,1,0,3,1,52,1,133,3,8,622,1190,536,19,10,13,1,1,1,0
1372,1,2,1,1,1,29,1,141,6,12,1161,1399,2880,15,2,7,1,1,1,3
630,1,2,0,0,0,31,1,191,7,20,768,894,2140,18,13,7,0,0,0,1
729,0,1,1,0,0,42,0,93,1,14,1099,1169,961,12,10,9,0,0,1,0
1963,1,1,0,5,0,48,0,107,4,10,1427,1521,2254,17,14,3,1,1,1,2
673,0,2,0,0,0,27,0,112,7,1,212,619,1378,10,6,16,1,1,1,0
1001,1,1,0,7,0,17,1,149,7,11,338,560,1191,7,4,14,1,0,1,0
826,0,2,1,1,1,35,0,109,5,5,317,1234,457,15,13,12,1,1,0,0
1576,1,2,0,12,0,6,1,169,7,17,206,876,2251,15,7,7,1,1,1,2
1823,1,3,1,6,1,58,1,155,1,13,861,953,2512,16,0,17,1,0,1,2
1161,0,1,1,0,1,41,1,78,4,1,202,609,4042,7,1,7,1,1,0,3
494,0,2,0,0,1,32,1,142,6,14,270,539,2662,13,7,17,1,0,1,1
1304,0,3,1,2,1,34,0,176,3,3,580,836,422,7,4,3,1,1,1,0
1768,1,2,1,0,0,50,0,177,5,2,815,1135,3798,10,7,15,0,0,1,3
1261,0,3,1,10,1,29,1,133,3,13,1607,1777,1741,7,1,4,1,0,1,2
530,1,1,1,3,0,8,0,183,5,10,1220,1300,749,13,5,8,1,1,0,0
797,1,2,0,0,1,21,1,139,4,9,953,1738,662,15,11,7,1,1,1,0
1869,0,1,0,4,1,10,1,206,1,19,602,1173,3969,13,1,11,1,0,1,3
1677,0,3,1,5,1,21,1,103,7,17,227,881,1000,11,10,10,1,0,0,0
732,1,2,0,0,1,32,1,129,7,1,816,1417,1847,18,13,7,1,0,1,1
1600,0,2,0,1,1,23,0,118,7,8,682,787,2335,17,10,3,1,1,0,2
1247,1,1,0,2,1,26,0,132,2,10,1319,1409,809,14,1,16,1,1,1,0
1162,1,3,1,0,0,62,0,90,1,6,1135,1617,3744,11,10,17,0,1,0,3
1645,1,2,1,0,0,5,0,98,5,2,1769,1967,1399,18,0,2,0,0,1,2
486,0,1,1,1,1,53,1,185,2,10,23,747,3842,8,3,7,1,0,1,2
727,0,1,0,18,1,13,1,197,2,19,1594,1863,2856,16,13,7,1,1,1,2
1089,1,1,0,10,1,28,1,203,2,18,958,1998,1441,5,1,16,1,0,1,1
1591,0,1,0,0,0,5,1,115,5,2,806,1400,3310,7,5,18,1,1,1,3
1048,1,1,1,7,0,64,0,152,5,18,893,843,3014,10,3,2,0,0,1,2
947,0,1,0,7,0,23,1,114,5,12,1084,1459,1036,12,7,9,0,0,1,0
1431,1,2,1,0,0,37,0,102,3,0,251,545,2670,17,17,4,1,0,1,2
1957,1,2,0,10,0,34,0,205,4,14,912,1987,1986,18,7,15,0,1,0,2
1506,0,1,1,13,0,55,1,104,5,16,246,1475,1986,19,15,19,0,1,1,2
661,1,1,1,7,1,29,0,110,1,17,1117,1715,2267,9,0,19,1,0,1,2
1700,1,1,0,8,0,13,1,192,8,11,946,1572,1891,12,7,7,0,0,1,2
590,1,3,0,2,1,10,0,191,5,7,512,1486,2808,6,0,5,1,1,1,2
1751,1,1,1,2,0,53,1,190,4,3,383,1185,2141,14,9,13,1,0,1,2
564,1,2,0,0,0,23,1,129,3,0,1116,1265,1341,12,8,3,1,0,1,0
629,0,2,0,2,0,6,0,83,1,4,1365,1651,1088,13,10,15,0,0,1,0
1530,0,1,1,8,0,59,1,111,3,17,1276,1407,3683,15,2,16,1,0,1,3
1178,0,1,0,11,0,27,0,166,1,21,733,1758,553,18,14,4,1,0,1,0
1986,1,2,0,7,1,61,1,165,8,8,1883,2042,3770,9,8,11,1,1,0,3
498,1,1,1,1,0,29,1,134,1,12,132,686,3782,17,13,15,0,0,0,2
1474,0,3,1,1,0,38,0,125,6,10,1436,1814,1007,12,11,7,1,1,0,1
592,1,1,1,0,1,63,0,163,6,0,1900,1891,620,10,4,8,1,1,1,0
1149,1,3,1,0,1,44,1,104,4,5,814,1060,3349,14,11,8,1,1,1,3
1511,0,1,0,2,1,33,1,87,2,9,494,1047,2045,19,1,12,1,1,0,2
780,1,3,1,1,1,10,0,185,7,13,425,1490,1699,19,3,18,1,1,1,1
1393,1,2,1,3,0,28,1,108,1,17,1398,1455,3051,16,16,4,0,0,0,3
1723,1,3,0,5,0,55,0,88,1,12,186,1124,626,15,10,17,0,0,1,0
1737,1,3,1,13,1,28,0,165,4,14,840,1466,2076,7,1,19,1,0,0,2
1575,0,3,1,3,1,47,1,192,5,13,312,1380,494,12,3,19,1,0,0,0
1303,0,1,1,2,0,49,1,109,5,6,468,1012,3915,10,4,17,1,1,0,3
657,0,3,0,7,1,2,0,91,6,18,593,1689,2368,13,4,2,1,0,0,2
679,0,2,0,1,1,41,0,88,1,5,865,1035,1977,13,7,6,1,0,0,1
1477,1,3,1,2,1,15,1,205,3,20,1070,1916,2008,5,0,15,1,0,1,2
1611,0,3,0,3,1,25,1,210,2,5,213,1586,701,8,6,11,1,1,0,0
1173,1,2,1,4,0,39,0,91,3,7,1294,1914,1052,7,3,5,0,0,0,1
1580,0,2,0,4,0,22,1,161,6,11,524,1640,3592,15,9,16,0,0,1,3
872,0,2,1,0,1,16,0,103,7,0,751,820,1407,16,10,5,1,1,1,0
1252,1,1,0,8,0,45,0,175,7,20,727,1000,1834,14,1,14,0,0,0,1
584,0,1,1,1,0,51,0,157,2,8,560,671,2053,13,6,6,1,1,1,1
1082,1,1,1,14,1,2,0,162,7,19,206,1743,1171,5,3,4,1,1,0,0
585,0,1,0,8,0,12,1,111,6,21,1036,1245,1600,7,5,19,1,1,0,1
507,1,0,1,0,1,11,0,119,4,3,162,1685,2262,18,12,19,1,0,1,1
1349,1,0,0,11,1,37,0,161,4,15,1545,1856,3196,9,4,4,1,1,0,3
1970,0,2,0,2,0,10,1,105,5,10,1214,1512,1800,7,1,15,1,1,1,2
1707,0,0,1,1,1,36,1,86,8,11,656,1770,3317,6,1,10,1,0,1,3
1168,0,1,0,9,0,2,1,125,4,13,345,818,3442,12,2,13,1,1,1,2
1074,0,2,0,8,0,62,0,139,3,18,1692,2002,3676,15,13,11,1,1,0,3
862,0,2,1,0,0,13,0,176,7,3,563,1390,3970,15,8,11,1,0,0,3
1463,1,1,1,7,0,7,0,108,5,13,793,1063,1568,6,5,21,1,0,1,1
630,1,2,0,12,1,34,0,186,1,21,440,574,3850,10,6,2,1,0,0,2
1953,1,3,1,6,0,47,1,141,4,19,682,1987,2561,11,1,3,0,0,0,3
842,0,1,1,1,0,16,1,120,7,4,622,756,1777,18,8,15,0,0,1,1
1870,1,0,0,0,0,47,0,112,4,2,638,1444,703,12,2,11,1,1,1,0
1936,1,1,1,3,0,20,1,90,8,7,122,530,1680,11,10,8,0,0,1,1
636,1,1,0,0,1,31,0,189,5,2,499,1776,697,5,2,15,1,0,0,0
1504,0,1,1,0,1,53,1,104,1,12,261,960,1370,9,4,4,1,1,1,1
938,1,1,1,3,0,16,0,157,8,20,542,1435,3535,14,3,20,0,0,0,3
502,0,2,1,3,0,36,1,123,3,6,391,1202,2619,16,2,11,0,1,1,1
700,0,1,0,2,0,28,1,89,7,10,446,641,749,13,8,4,0,0,1,0
1440,1,2,1,2,0,9,0,150,8,17,727,1443,594,13,11,8,0,0,0,0
1098,1,3,0,3,1,38,1,123,6,8,123,885,914,18,3,9,1,1,0,0
1391,0,0,0,0,0,38,1,189,7,1,1343,1455,1804,9,0,11,1,0,1,1
960,1,2,0,4,1,53,0,82,3,8,423,764,2850,17,11,15,1,1,0,2
1429,0,0,0,4,0,54,1,169,4,19,485,661,2971,14,6,8,0,0,0,2
734,1,2,0,7,1,2,0,181,8,9,1178,1431,481,10,6,4,1,1,1,0
921,1,1,0,0,1,4,0,168,2,0,38,1655,1880,11,4,3,1,1,0,1
1051,0,3,1,1,1,33,0,191,6,13,1223,1552,681,16,12,6,1,0,0,0
1256,0,2,1,0,1,42,1,139,7,2,128,1225,539,11,1,14,1,1,0,0
1630,1,1,0,0,1,53,1,125,8,0,786,1302,1391,15,13,12,1,1,1,1
717,0,0,0,6,0,28,0,84,2,11,1206,1254,1913,11,10,12,1,1,1,1
1857,1,0,1,14,0,51,0,133,7,18,85,1448,3235,17,16,5,1,1,0,3
685,0,0,0,5,1,39,0,106,2,10,270,1168,612,6,5,19,1,1,1,0
1387,0,1,1,3,1,10,0,148,1,12,1589,1957,1081,10,0,8,1,1,1,1
1176,1,2,1,1,1,43,1,168,2,7,94,540,2236,10,6,5,1,1,0,1
556,1,2,1,5,1,61,1,99,6,12,31,1558,581,20,10,11,1,0,1,0
1577,0,2,1,5,0,58,0,122,2,12,633,615,932,11,4,16,0,1,1,0
859,1,1,0,7,1,59,1,116,1,14,1225,1566,2716,13,3,8,1,0,0,2
1328,1,2,0,0,0,17,1,166,2,7,1082,1166,1042,13,5,20,1,0,1,1
1789,1,2,0,2,0,50,1,125,1,10,337,1401,1950,17,13,13,0,1,1,2
2028,1,2,0,5,1,57,1,97,2,15,1623,1559,617,9,3,4,1,1,1,1
1043,0,0,1,14,1,47,0,182,2,16,556,1205,3803,12,4,19,1,0,0,3
760,1,0,0,0,1,37,1,145,3,1,1136,1324,290,8,0,6,1,1,1,0
838,0,2,0,1,0,51,0,87,1,2,502,1447,3949,18,15,3,1,1,0,3
1729,0,3,0,2,0,34,1,161,4,17,578,783,1417,18,0,2,1,0,0,1
621,1,1,0,0,1,7,1,191,1,3,430,780,3713,7,5,18,1,1,1,2
1955,0,1,0,1,0,36,1,119,8,2,957,1662,656,17,1,8,1,0,1,1
1402,0,3,0,5,0,42,1,137,1,14,429,999,2518,18,2,11,1,0,1,2
577,0,2,0,4,0,26,0,104,4,17,501,573,894,9,1,12,0,0,0,0
695,1,1,1,10,0,16,1,120,1,17,404,1778,1646,10,3,4,0,1,1,1
1431,0,1,1,1,1,18,0,135,2,16,797,863,2393,10,5,14,1,1,0,2
811,1,1,1,2,0,39,1,185,2,10,1079,1444,1942,17,6,12,1,0,0,1
836,0,2,0,7,0,19,1,188,6,14,488,970,1470,13,4,11,0,1,0,0
1297,0,1,1,0,0,34,1,96,4,14,534,1450,2416,10,1,11,1,0,1,2
610,0,2,1,8,1,21,0,141,1,11,211,1199,3325,19,1,5,1,0,0,2
663,0,2,0,1,0,43,1,187,7,2,486,832,2829,9,5,14,1,1,0,2
1832,0,3,0,1,1,21,0,193,8,2,1323,2031,263,17,6,3,1,1,1,0
1790,0,1,0,0,0,29,0,176,3,0,109,1783,3919,16,11,8,0,0,0,3
590,1,1,0,4,1,50,0,171,7,7,962,1055,2980,10,7,12,1,0,1,2
1231,0,1,1,5,1,52,1,118,2,10,566,692,423,8,0,6,1,0,1,0
901,1,1,0,6,1,56,1,162,7,13,88,830,258,19,7,2,1,0,1,0
2027,1,2,1,0,0,31,0,170,7,1,839,1582,433,13,6,14,0,1,0,0
1802,1,2,1,3,1,47,1,87,5,9,343,1855,1482,7,4,20,1,0,0,1
581,1,2,1,7,1,2,0,189,3,13,1063,1353,650,10,0,4,1,1,0,0
1836,0,1,0,7,0,59,0,158,4,10,655,765,1335,14,5,15,1,0,0,1
1533,1,1,0,3,1,8,0,171,7,4,337,1023,3271,7,3,19,1,0,0,3
783,0,0,1,1,0,50,1,90,7,13,167,758,4004,7,5,16,0,0,0,3
1998,0,1,1,2,1,7,1,153,8,7,431,1435,3496,7,0,21,1,0,1,3
991,1,2,1,0,1,26,0,162,4,1,21,724,1360,17,10,5,1,0,0,0
1683,1,1,1,1,0,44,1,167,8,14,194,1779,3619,10,5,3,1,0,0,3
889,0,2,1,1,1,39,0,106,1,14,423,1181,2242,15,3,18,1,1,0,1
1028,1,1,0,5,0,12,1,101,3,14,341,650,2224,5,1,2,0,1,0,1
1190,1,1,0,0,0,2,1,116,6,0,637,757,1828,7,0,14,0,1,0,1
2049,0,1,1,5,1,7,0,84,8,20,319,746,317,16,7,7,1,1,0,0
1730,1,1,1,4,0,28,1,182,5,8,617,1033,809,11,10,5,0,0,0,0
1774,0,1,0,3,1,25,0,80,6,14,524,686,2581,9,7,4,1,1,0,2
931,1,1,1,3,1,61,0,153,5,11,639,1094,2547,10,4,9,1,0,1,2
1889,0,0,0,0,1,48,1,194,1,7,515,1438,1636,15,2,7,1,1,0,1
938,1,1,1,9,1,32,0,192,2,16,514,1032,2180,7,3,12,1,1,0,1
619,1,1,1,5,1,10,0,187,4,8,660,865,3443,9,1,7,1,1,1,2
898,0,2,1,1,1,18,0,148,6,3,40,1428,1316,17,16,4,1,1,1,0
701,0,0,0,14,1,31,0,103,3,19,542,930,2469,8,7,4,1,0,1,1
1947,0,1,0,4,1,49,0,128,4,5,1485,1859,2468,10,4,15,1,0,1,3
1827,0,1,0,9,1,12,0,117,1,18,95,1857,2340,7,4,6,1,1,1,2
795,0,1,0,2,1,28,0,118,1,15,1364,1473,1653,11,9,20,1,1,0,1
498,1,1,0,8,0,14,1,180,7,9,887,1132,1674,14,0,10,1,1,1,0
1352,1,2,1,5,0,56,0,104,7,7,622,995,2509,15,7,17,1,0,1,2
900,0,1,1,0,0,57,0,104,5,1,161,1733,3622,17,3,20,1,1,0,3
1780,1,2,1,1,0,49,1,152,8,3,509,922,1712,5,1,14,0,1,1,1
732,0,2,1,0,1,33,0,102,4,2,1273,1882,2607,9,3,20,1,0,0,2
811,1,1,1,4,0,19,1,78,8,19,896,1422,2066,9,3,14,1,1,1,1
687,1,2,1,1,1,29,0,90,3,12,645,1040,1619,10,9,12,1,1,1,1
1923,1,2,0,9,1,19,1,183,3,19,658,1635,3912,7,2,13,1,1,1,3
1483,1,2,1,3,1,54,1,125,5,6,441,1751,1263,11,9,11,1,1,1,1
577,1,0,1,2,0,9,0,106,7,5,1384,1997,3512,14,10,14,0,0,0,3
1818,1,1,0,9,1,55,0,205,7,11,454,1432,881,19,10,18,1,0,1,1
1773,1,1,0,6,1,47,1,92,3,19,911,1145,2254,18,2,19,1,1,0,2
1067,1,1,1,12,1,2,1,148,5,16,666,1219,2653,13,12,10,1,0,1,2
575,1,3,1,0,0,39,0,127,1,1,370,581,2541,17,7,4,0,0,0,1
759,0,2,0,3,1,41,0,155,2,8,111,1286,1008,6,2,2,1,0,0,0
785,0,2,1,0,0,37,1,145,7,2,207,1120,2308,9,5,6,1,0,0,1
723,1,2,0,11,1,35,0,101,3,13,525,795,2064,14,11,4,1,0,1,1
1563,1,2,1,1,1,27,1,174,3,10,678,858,1172,12,7,3,1,1,0,1
801,1,3,1,4,0,39,0,93,4,6,768,1472,579,9,2,6,0,1,0,0
1325,1,1,1,0,0,25,1,152,6,0,112,1709,3841,14,13,17,0,1,0,3
512,0,1,1,0,1,17,1,186,5,1,411,1158,3886,17,12,21,1,0,0,3
886,1,1,1,1,1,45,1,107,8,3,867,996,3398,15,2,17,1,0,0,3
763,1,2,0,0,1,28,1,146,8,4,464,1497,2051,19,9,7,1,0,0,1
1581,1,0,1,6,1,4,0,108,3,12,620,1322,701,10,3,12,1,0,0,0
1503,0,2,0,11,1,46,0,112,8,21,238,855,1275,8,7,17,1,1,0,1
1588,0,1,1,2,1,3,0,206,7,11,179,1824,312,13,5,13,1,0,0,0
1716,1,2,1,4,1,6,1,163,1,16,606,980,3422,6,4,10,1,1,1,3
524,1,2,1,5,0,26,1,158,5,16,397,1609,1561,7,2,3,0,1,0,1
617,0,1,1,0,1,16,0,197,3,1,758,858,3657,14,4,17,1,0,1,2
1837,1,1,0,5,0,14,1,153,6,6,769,1301,1812,15,3,18,1,1,1,2
659,1,1,0,9,1,50,1,156,4,20,612,1106,3546,14,6,8,1,1,0,3
1366,0,1,0,0,0,33,0,107,1,13,817,1021,1332,13,13,20,0,0,1,1
1204,1,2,1,2,1,46,0,134,2,9,652,686,627,11,4,14,1,1,1,0
601,1,1,1,0,0,31,0,134,6,1,224,504,1848,10,0,6,0,1,0,0
1673,0,1,1,3,1,37,0,99,6,15,201,1159,2565,16,15,15,1,0,1,2
1101,1,3,1,1,1,30,1,178,3,16,977,1827,2630,17,15,13,1,0,1,2
878,0,1,0,3,0,47,1,185,3,6,714,778,1307,7,2,6,0,1,1,0
989,1,2,0,4,0,24,1,93,8,9,255,1654,3161,7,4,19,0,1,1,2
1840,0,3,0,6,0,15,1,116,4,15,595,919,3138,18,0,14,1,0,0,3
1168,1,2,0,15,0,32,0,143,6,19,967,1055,3167,10,3,8,1,1,1,3
948,1,2,1,12,1,10,0,172,7,18,1214,1516,3018,8,2,11,1,1,0,3
1338,0,3,1,8,1,39,0,159,4,12,115,600,620,10,4,4,1,1,1,0
964,0,1,1,14,1,14,0,171,3,17,153,1602,3803,13,1,12,1,0,0,3
1609,0,1,1,0,1,28,0,161,7,1,332,849,1198,11,8,5,1,0,0,0
1487,0,1,0,8,0,41,1,145,5,9,639,1554,1734,6,1,17,1,0,0,1
1846,0,3,1,3,1,55,0,190,3,4,228,587,2911,12,2,19,1,0,0,2
492,0,1,0,7,1,44,0,95,1,8,39,564,658,13,12,7,1,0,0,0
1760,0,1,1,4,1,31,1,84,8,16,620,1633,621,16,6,13,1,0,0,0
833,1,2,1,0,1,56,1,162,3,10,81,1475,3420,7,6,2,1,0,0,2
1333,0,2,0,2,0,7,1,91,7,3,940,1127,1429,17,9,5,0,0,1,1
911,0,1,1,6,0,18,0,124,4,7,331,1757,2916,17,13,9,1,1,1,2
1442,1,1,0,0,0,17,1,116,5,0,931,1105,3873,15,12,5,1,1,1,3
666,0,1,0,8,1,27,1,150,2,15,147,770,2974,15,6,3,1,0,0,2
1133,1,1,1,0,0,20,0,182,1,11,161,744,3153,16,0,8,0,0,0,2
1557,1,1,0,4,1,4,0,82,1,19,922,1174,2099,8,3,14,1,1,0,2
1063,1,3,0,11,0,59,0,130,8,13,474,592,3228,13,8,5,0,1,1,2
860,0,0,0,0,0,56,1,135,7,1,88,1847,831,12,6,11,1,0,1,0
1281,0,1,1,5,0,56,1,185,3,10,660,1134,1720,5,3,6,1,1,0,1
543,1,3,0,1,1,21,0,162,7,9,332,1476,2818,7,5,18,1,1,0,2
854,0,1,1,0,1,18,0,195,7,0,1104,2003,1949,11,8,9,1,1,1,1
1299,1,3,1,0,0,23,1,130,6,8,597,688,2285,19,4,4,1,0,0,1
923,1,2,0,9,0,58,0,198,1,14,1292,1461,2362,8,0,5,1,0,0,2
1341,1,1,0,0,1,65,0,112,8,9,800,957,1405,7,6,16,1,1,1,1
1889,1,2,1,0,0,4,0,191,2,3,300,653,1477,16,5,3,0,0,0,1
596,1,2,0,16,1,52,1,112,1,17,235,1303,2628,10,4,7,1,0,1,2
1135,0,2,0,1,1,59,0,203,2,13,639,1407,1289,6,0,3,1,1,1,0
1406,0,2,0,1,0,31,1,118,5,4,1643,1685,783,12,5,9,0,1,1,1
888,0,2,1,5,1,6,1,132,4,13,748,1772,514,10,2,18,1,0,1,0
1108,1,2,1,13,1,43,0,100,7,17,84,802,2508,7,4,7,1,0,0,1
1905,0,1,1,9,1,57,0,130,7,10,617,1044,757,20,13,3,1,0,1,0
1700,0,2,0,3,1,62,1,140,3,11,415,522,288,20,0,10,1,1,0,0
1932,0,0,1,8,1,7,0,139,2,13,457,794,3698,9,7,18,1,0,0,3
597,1,2,1,3,1,6,1,176,4,11,791,1814,2559,13,8,9,1,0,1,2
831,1,3,0,0,1,57,0,127,4,15,1175,2064,2171,16,8,13,1,0,0,2
1376,0,1,0,0,1,61,0,98,3,0,789,1169,651,5,3,11,1,1,0,0
1439,1,3,1,0,0,21,1,176,5,0,181,1188,2734,14,0,19,1,0,0,2
640,0,1,0,9,1,18,0,190,8,12,451,1027,2658,7,5,18,1,1,1,1
592,0,0,1,1,0,56,0,189,2,5,1167,1374,3558,15,4,11,1,1,1,3
1099,1,1,1,11,0,48,1,105,5,19,635,887,1762,19,13,16,1,1,0,1
1251,1,1,0,7,1,24,1,168,3,15,1414,1803,3015,6,2,11,1,1,1,3
1570,1,1,0,0,0,41,0,133,4,1,676,1634,2631,5,4,15,1,0,0,2
1631,0,2,0,5,1,19,1,154,6,20,356,969,793,13,3,15,1,0,1,0
1943,0,3,0,3,1,15,0,176,1,12,296,996,1878,8,5,17,1,1,1,1
1174,1,0,1,3,1,47,0,120,8,12,260,1057,1096,8,3,3,1,0,0,0
1373,0,1,1,1,0,20,0,129,8,17,370,647,3769,11,2,19,0,1,1,3
1534,0,2,0,6,1,51,0,175,2,18,533,527,2100,19,8,7,1,0,0,1
1165,1,3,1,0,0,32,1,123,8,1,1053,1600,2428,19,8,13,0,1,0,2
1942,1,1,1,4,0,17,1,90,5,7,107,856,2274,14,6,8,0,1,0,2
812,0,2,1,4,1,55,1,91,8,12,43,1217,3799,12,8,6,1,1,1,3
2004,0,2,0,4,0,21,1,118,3,10,285,888,3041,6,1,15,0,0,0,3
1204,0,3,0,4,0,46,0,194,3,7,1793,2064,2223,13,5,4,0,1,1,2
1837,0,2,1,10,0,12,1,165,6,16,1095,1463,3476,15,14,15,1,1,1,3
1412,1,2,1,0,1,49,1,105,4,1,129,901,2273,13,0,12,1,1,0,1
1996,1,1,0,10,0,55,0,101,7,19,881,1929,2333,14,7,6,1,1,1,3
1733,1,3,1,9,1,16,1,182,7,18,1139,1897,1920,12,7,9,1,0,0,2
1169,0,1,1,0,1,50,0,188,8,2,532,1568,992,5,3,7,1,0,1,0
1871,1,2,1,9,1,2,1,106,1,14,48,1125,3900,12,2,18,1,1,0,3
1094,0,2,1,0,1,60,0,165,5,21,581,666,3044,10,7,11,1,0,0,2
604,0,2,0,0,1,19,0,127,2,17,642,800,1546,19,11,2,1,0,1,0
1042,1,0,0,12,0,65,1,174,8,18,1478,1826,3727,11,1,7,0,0,1,3
633,1,2,0,5,0,60,0,90,6,6,1001,1463,1364,12,7,14,0,1,0,1
2037,0,1,1,2,0,30,0,176,8,6,1117,1308,2547,8,2,7,0,0,0,3
936,0,0,0,1,1,58,1,155,3,3,711,789,2603,11,6,17,1,0,0,2
1132,1,1,1,4,1,27,1,137,1,17,242,1953,1630,11,0,16,1,0,0,1
835,1,2,1,5,1,2,0,106,6,13,320,1471,2109,17,7,2,1,0,1,1
1107,0,1,0,2,1,7,1,117,7,17,1232,1590,449,20,13,6,1,1,0,0
1844,0,1,0,1,1,29,1,126,3,9,609,1449,429,10,8,10,1,1,0,0
1546,0,2,0,0,1,23,1,171,7,1,714,1322,1917,14,11,16,1,1,1,2
683,0,3,0,7,0,16,0,180,6,20,714,841,1275,8,0,18,1,0,1,0
1597,0,1,0,6,0,50,1,96,8,7,219,1936,1728,13,6,18,1,0,1,2
1138,0,0,1,0,1,23,0,171,4,1,837,918,3555,7,4,7,1,0,0,3
814,0,1,0,6,1,11,0,81,5,14,125,695,981,6,5,10,1,1,0,0
1204,0,0,0,6,0,64,0,93,7,9,1266,1280,1714,16,6,12,0,1,1,1
1335,1,2,0,5,1,22,1,198,8,6,397,652,2386,11,10,9,1,1,0,1
1745,0,2,0,4,1,3,0,179,5,6,81,1594,507,7,4,13,1,0,0,0
759,1,3,1,0,0,9,0,184,5,1,251,865,4018,5,2,7,0,0,0,3
1040,1,2,1,6,0,20,0,109,8,16,364,850,2817,16,9,16,0,1,0,2
1144,0,1,0,12,1,14,1,154,7,14,247,1788,607,8,3,4,1,1,1,0
1076,0,2,1,3,1,59,0,134,6,20,1143,1738,2903,6,2,18,1,1,1,3
1799,0,1,1,5,0,63,1,128,8,20,1437,1317,2101,19,12,16,0,1,0,2
1672,0,0,1,1,0,58,0,98,4,3,450,1710,3930,16,10,12,0,1,1,3
2018,0,1,0,7,0,50,0,93,3,9,345,744,3045,5,0,13,1,0,0,3
858,0,1,1,9,1,29,0,158,6,17,237,848,727,18,11,8,1,0,1,0
1208,0,1,0,1,1,61,1,161,3,2,745,863,596,19,4,15,1,0,1,0
807,1,1,1,0,1,34,0,154,3,16,777,1238,902,17,2,10,1,1,1,0
1630,0,1,1,1,1,19,1,177,8,10,685,1725,3349,16,11,6,1,1,0,3
639,0,2,1,0,1,57,0,124,7,2,21,544,3371,14,6,11,1,1,1,2
641,1,3,0,0,0,22,1,164,8,3,300,904,1286,12,1,15,1,0,0,0
1228,1,0,1,1,0,54,0,100,8,16,581,762,1155,7,1,20,0,0,1,0
967,0,3,1,1,0,40,0,114,3,7,910,1791,3830,14,9,10,1,1,1,3
936,1,1,0,9,0,56,0,156,5,10,760,876,1073,14,12,14,0,1,0,0
743,0,2,0,0,1,42,1,96,4,20,313,958,1385,17,11,4,1,1,1,0
1376,0,1,0,0,1,30,0,121,4,0,299,973,1330,14,7,13,1,0,1,0
998,0,2,0,2,1,12,0,154,5,6,1176,1743,2032,11,9,10,1,0,0,2
1831,1,1,0,1,0,20,1,197,2,9,1229,1351,1219,15,10,17,0,1,0,1
1667,0,1,1,6,1,20,1,194,2,8,792,1002,888,11,1,15,1,1,0,0
921,1,1,1,0,0,37,0,195,5,14,1339,1328,3069,18,1,8,1,1,1,3
1220,1,1,0,10,1,61,1,180,7,14,1227,1443,3231,11,4,20,1,0,1,3
2008,1,0,0,6,0,26,0,133,1,15,636,1060,1348,15,11,7,0,1,1,1
599,1,0,1,1,1,21,1,175,8,6,1189,1485,3365,16,2,18,1,1,1,3
1146,1,2,0,0,1,46,0,143,2,9,1168,1819,3777,13,11,8,1,0,1,3
1906,0,3,1,4,0,5,0,142,1,13,653,715,379,6,1,10,0,1,0,0
1417,1,1,1,4,1,47,0,103,5,6,1963,2069,3082,17,8,15,1,0,1,3
1210,1,3,1,16,0,40,1,176,8,17,401,1012,2429,10,9,16,0,0,1,2
1676,1,2,1,18,0,62,1,167,4,20,146,997,1272,9,3,20,0,1,0,1
1492,1,0,1,11,0,5,1,126,3,12,404,1642,3468,7,4,17,0,0,0,3
805,0,2,1,0,0,17,0,166,5,6,972,1109,3856,12,1,20,1,0,1,3
1741,1,3,1,2,0,5,1,90,1,3,1249,1649,1185,12,2,19,0,1,0,1
1504,0,0,0,1,1,24,1,207,5,8,112,1973,3211,13,3,4,1,0,1,3
1209,0,1,1,0,1,2,1,132,7,1,224,1073,2749,12,11,15,1,1,0,2
1439,0,1,1,5,0,51,0,83,4,8,992,1681,1550,13,8,3,1,1,0,1
1766,0,2,0,8,0,17,1,174,2,16,884,1754,3305,15,0,15,1,0,1,3
1802,0,1,1,3,0,23,1,171,1,7,1048,1600,1062,17,1,10,1,0,0,1
1626,1,1,1,0,1,42,1,88,4,20,1046,1822,4071,14,10,9,1,0,1,3
1671,0,2,0,1,0,11,0,152,7,2,1143,1747,1088,8,1,13,1,1,1,1
1632,0,1,1,7,1,63,0,131,2,12,258,885,2240,10,4,7,1,0,0,2
809,1,0,0,3,0,26,1,82,4,6,340,958,779,12,1,21,0,1,0,0
1390,1,1,1,1,1,26,1,122,6,11,41,1047,2782,12,10,14,1,0,0,2
1452,0,1,0,15,0,3,0,117,1,18,1,922,534,19,1,3,1,1,1,0
1724,1,2,1,1,0,12,1,179,1,6,478,1190,1534,9,4,5,1,0,1,1
1007,0,1,0,4,1,35,0,125,7,18,479,733,2329,7,6,16,1,1,1,1
1525,0,3,0,8,0,6,0,206,3,21,722,995,1314,10,0,2,0,0,1,1
1471,0,2,0,2,1,46,0,133,2,9,209,1227,3140,13,1,14,1,0,0,3
1525,1,1,0,5,0,34,1,88,3,9,1930,2021,1287,6,1,7,1,1,0,2
602,0,1,1,2,1,24,1,196,2,9,86,1392,3524,7,5,11,1,0,1,2
1382,1,2,1,10,0,47,1,93,5,14,628,1112,3834,8,6,3,0,0,1,3
1597,0,3,1,1,0,18,1,90,6,9,840,1650,1177,10,3,17,0,0,1,1
739,0,1,1,12,1,56,0,116,4,18,1389,1854,936,15,8,20,1,0,1,0
1199,0,1,1,1,1,26,1,91,2,8,1069,1444,274,19,7,3,1,0,1,0
855,1,2,1,10,1,18,1,153,7,19,184,1008,3466,10,0,13,1,0,0,2
1591,0,3,0,1,0,29,1,156,7,3,825,934,607,10,9,4,0,1,1,0
1038,0,3,0,3,0,35,1,109,1,14,851,1896,1117,6,4,6,0,0,0,1
1836,0,3,0,1,0,4,1,146,8,9,1494,1889,1131,19,15,12,0,1,1,1
572,1,2,0,0,1,19,0,168,3,0,1141,1650,487,12,8,4,1,1,0,0
1389,0,3,0,10,0,24,0,86,7,15,453,1685,840,7,5,4,1,1,1,0
1284,1,1,0,1,0,53,1,189,6,2,1030,1386,1228,8,6,6,1,0,1,1
921,1,1,1,3,1,32,0,185,4,16,1018,1684,2170,7,2,6,1,0,1,2
973,0,0,0,1,1,40,1,149,7,6,524,1084,3138,17,8,12,1,1,0,3
1376,0,1,1,8,1,52,1,111,6,15,992,973,3671,15,3,14,1,0,1,3
1998,1,1,1,10,0,2,0,138,1,14,674,878,3078,10,9,10,1,1,0,3
1383,0,0,0,3,0,39,1,178,2,5,954,1094,490,8,4,19,0,0,1,0
1939,0,1,1,0,0,23,0,96,5,1,877,1092,2573,14,8,19,1,0,0,3
1776,0,2,1,0,0,14,0,105,4,7,547,860,1502,10,8,10,1,1,0,1
1540,1,3,0,3,0,9,1,113,1,13,548,687,2927,8,3,3,1,1,0,2
909,1,1,1,9,0,29,0,101,3,10,280,753,593,12,0,4,1,1,1,0
1550,0,3,1,0,1,11,0,190,7,20,487,782,2170,7,3,18,1,1,0,2
893,1,1,1,3,0,24,0,169,2,15,790,1807,286,16,3,11,0,0,1,0
1875,1,0,0,0,1,14,0,157,5,7,753,1289,2156,16,11,12,1,0,1,2
1404,1,2,0,9,0,38,0,101,7,16,637,889,3806,13,9,10,0,0,0,3
1678,0,1,0,6,0,2,0,196,1,11,449,558,2276,19,9,9,1,1,1,2
1622,1,2,0,8,0,5,1,133,3,17,249,801,3968,5,1,7,1,1,1,3
1001,0,3,0,7,0,41,1,128,6,17,399,1261,1377,16,0,15,0,0,1,0
1333,1,2,1,3,0,63,1,89,4,13,220,1687,958,14,13,18,1,0,0,0
1748,1,2,0,3,0,48,1,96,1,9,1103,1423,2030,5,4,6,1,0,1,2
634,1,1,1,2,1,57,0,85,3,7,844,878,2295,19,14,18,1,1,1,1
1473,1,2,1,5,0,44,1,182,2,6,43,1160,3360,15,12,12,0,1,0,3
637,1,1,0,5,0,41,0,184,1,12,1345,1912,3293,18,11,4,1,0,1,3
1797,1,1,0,9,0,29,1,83,8,18,206,1055,1318,19,7,2,0,0,0,1
1662,0,3,0,5,0,16,1,88,1,21,832,913,3360,19,13,9,0,0,1,3
535,1,1,0,4,0,59,0,191,3,7,171,1336,720,6,0,20,1,1,1,0
1235,0,0,1,16,0,14,1,194,2,16,126,1804,1586,16,6,17,0,0,1,1
708,1,1,1,5,0,34,1,100,8,10,85,1597,2508,13,1,16,1,1,0,1
1308,1,2,0,0,1,46,0,147,1,10,202,1012,2894,7,4,12,1,1,0,2
517,1,1,0,0,1,52,1,128,3,0,551,708,1230,15,10,7,1,0,1,0
1480,0,0,1,18,0,2,0,100,5,19,882,1166,588,9,4,18,1,1,1,0
1253,1,0,1,0,1,11,1,109,2,12,36,502,1752,17,12,19,1,1,0,0
644,0,1,1,4,1,6,0,142,6,10,273,842,3536,9,5,12,1,0,1,2
1386,1,1,1,2,0,13,0,100,1,13,896,1649,2852,17,1,13,0,0,0,3
1454,0,3,1,3,1,39,0,138,7,4,1213,1349,3941,15,1,4,1,0,0,3
1237,1,2,1,8,1,32,1,96,3,15,492,935,743,17,7,2,1,1,0,0
657,1,2,1,3,1,23,0,92,1,5,568,1140,1986,7,2,17,1,1,0,1
1397,0,1,0,12,0,44,1,127,5,14,484,610,2183,10,8,9,0,0,0,1
490,0,2,0,8,0,28,0,170,8,13,281,741,3501,15,6,14,0,1,1,2
481,1,3,1,2,0,52,0,158,2,10,1247,1552,2448,17,11,2,1,0,0,2
1549,1,1,1,0,1,50,0,104,7,9,462,709,2798,13,10,3,1,1,1,2
1941,1,2,1,1,0,39,1,198,8,6,954,1625,845,5,1,4,1,1,1,1
1968,0,0,0,10,1,41,0,86,6,14,520,1617,2393,10,8,17,1,1,0,3
681,0,1,1,10,0,31,1,102,7,17,847,1215,2411,6,4,15,1,0,0,2
1361,0,1,1,8,0,47,1,201,1,12,270,1036,501,5,3,9,0,1,0,0
633,0,1,1,0,0,28,1,108,5,5,750,1505,2093,17,16,19,1,1,0,1
1262,1,3,1,0,0,64,0,80,6,6,47,919,2029,19,8,5,1,0,1,1
891,1,1,0,2,0,4,1,105,2,12,190,1498,785,11,7,5,1,1,0,0
492,1,0,1,7,0,14,1,85,3,14,238,1761,2606,18,14,16,0,1,1,2
1548,1,1,1,1,1,7,0,195,5,16,628,1609,2287,12,10,6,1,0,0,2
1823,0,3,0,1,0,22,0,144,1,5,381,1222,1317,9,6,6,0,1,1,1
802,1,2,0,3,0,43,0,92,8,11,1365,1894,2331,6,1,18,0,1,1,2
955,0,1,1,0,1,22,0,194,2,13,1209,1183,2741,16,12,2,1,0,0,2
1200,0,1,1,2,1,5,0,101,1,13,561,1249,1443,12,0,12,1,0,0,1
1284,0,2,0,0,1,46,0,145,3,3,1634,1908,628,7,2,2,1,1,1,1
637,1,1,1,1,1,50,0,94,5,13,189,1029,2143,14,13,12,1,0,0,1
635,1,0,1,7,0,60,1,132,5,8,1011,1949,1958,15,5,5,1,0,0,1
1063,0,0,1,0,1,20,1,191,8,9,324,832,1181,18,12,11,1,1,0,0
1668,0,2,0,18,1,2,1,185,5,21,349,853,2542,10,5,2,1,0,1,2
716,0,1,0,7,0,16,0,134,4,12,204,1763,2758,12,0,18,1,1,0,2
1079,0,1,1,5,0,27,0,88,4,16,1686,1940,1412,5,1,11,0,1,0,1
1925,1,2,1,0,1,31,0,185,7,14,284,1284,3081,7,3,5,1,1,0,3
547,1,1,1,9,0,20,0,142,7,14,570,605,3505,14,5,9,0,0,0,2
1642,1,0,1,2,1,48,0,103,8,16,8,1178,645,16,3,8,1,0,0,0
1095,0,1,0,3,0,47,1,134,5,13,1237,1608,3363,12,0,16,1,0,0,3
545,0,2,1,3,0,48,0,113,7,11,214,670,3153,14,4,15,1,0,0,2
1642,1,1,0,0,1,34,0,101,7,7,386,535,2372,16,5,2,1,1,0,2
1053,0,2,0,15,1,11,1,138,5,16,70,1023,2927,18,0,2,1,0,0,2
572,1,2,1,1,0,62,1,156,4,10,409,824,2141,12,7,2,1,0,1,1
1396,1,1,1,0,1,35,0,147,2,9,383,961,3538,12,11,3,1,0,0,3
655,1,0,1,0,0,53,1,95,4,11,564,1165,661,17,8,14,0,0,0,0
1698,1,2,1,3,0,10,0,186,8,7,565,1379,2609,12,9,6,0,1,0,2
743,0,2,1,4,0,22,1,112,4,5,122,853,458,17,10,15,1,1,1,0
516,1,1,1,2,1,9,0,89,5,14,1138,1215,533,18,10,12,1,0,0,0
1668,1,1,0,1,1,35,0,98,1,3,226,1223,3667,15,9,8,1,1,0,3
953,1,1,1,5,0,57,0,84,7,19,1713,1830,3531,12,0,12,0,0,0,3
1200,1,1,1,2,1,8,1,78,6,6,321,990,621,15,2,19,1,0,0,0
1524,1,1,0,16,0,33,1,145,8,21,421,664,532,5,1,6,1,1,1,0
1661,1,2,1,0,1,29,0,190,3,3,869,1057,591,6,0,18,1,0,0,0
1417,1,2,1,6,1,41,0,162,4,18,213,974,527,15,4,10,1,1,0,0
1781,1,2,1,13,1,17,1,138,6,18,113,567,3248,14,14,15,1,1,0,3
1553,1,1,1,3,1,29,1,110,2,4,240,1063,859,9,0,10,1,0,0,0
1636,0,2,1,7,0,28,0,188,2,13,972,1141,505,15,11,8,0,0,1,0
1286,1,1,0,15,1,20,0,172,5,18,11,1021,3387,6,5,6,1,1,1,2
671,1,2,1,9,1,9,0,136,3,11,1418,1549,2515,14,2,17,1,0,0,2
1224,0,2,0,0,0,32,0,152,8,7,871,1627,2530,17,2,3,1,1,1,2
2071,1,2,0,6,0,9,1,144,6,19,1750,2049,1255,14,12,18,1,1,1,2
1207,1,3,0,1,1,21,1,112,2,14,1576,1655,500,9,3,12,1,1,0,0
620,1,2,0,1,1,58,0,202,4,4,914,1734,788,10,3,4,1,0,0,0
1294,1,2,1,2,1,34,0,170,3,9,834,1297,2517,6,5,16,1,0,0,2
737,1,0,1,3,1,34,0,84,2,10,547,1227,2208,16,12,4,1,1,1,1
746,0,2,0,9,0,9,1,118,4,16,1324,1596,2697,10,8,7,1,0,1,2
1841,1,2,1,4,0,54,1,186,8,9,1771,1706,1188,14,3,10,0,1,0,1
1537,0,2,1,0,0,9,0,176,3,1,915,1760,1637,9,3,14,1,0,1,1
775,1,3,1,1,1,63,0,175,4,2,787,975,2272,12,0,5,1,1,0,1
745,0,2,1,8,1,2,0,91,8,15,990,1168,1050,6,4,8,1,1,0,0
1091,1,3,1,6,0,58,1,150,1,12,126,824,2852,15,10,16,1,0,0,2
902,1,3,0,3,1,51,0,195,4,11,660,1697,2810,19,16,10,1,0,1,2
1409,1,0,0,7,1,13,0,193,2,18,595,721,2150,17,7,9,1,0,1,1
1168,0,1,1,6,0,58,0,112,2,15,10,1567,2419,17,11,6,1,0,0,2
580,0,3,0,1,1,51,0,150,4,2,448,1126,1283,18,11,7,1,0,0,0
1775,1,0,1,15,1,2,0,143,6,19,470,1113,2637,12,2,4,1,0,1,2
1871,1,2,0,1,1,18,0,86,7,9,1098,1586,2931,12,1,13,1,1,1,3
984,0,2,0,0,1,53,1,192,1,4,968,1164,1445,18,8,8,1,1,1,1
835,0,1,1,5,1,44,1,182,8,7,724,1646,3955,12,11,2,1,1,1,3
1148,1,2,0,11,0,42,0,180,6,12,592,807,799,18,12,15,1,0,0,0
834,0,2,1,7,1,57,1,97,2,9,803,975,1049,12,2,15,1,0,1,0
1498,0,1,0,2,0,49,0,144,7,10,631,665,3011,11,8,11,1,1,1,2
1747,0,1,1,6,0,8,1,174,6,20,170,547,3033,8,6,17,0,0,1,2
677,1,2,1,0,0,35,0,141,1,0,1503,1621,2015,12,9,16,0,1,1,1
1416,0,3,1,14,0,9,0,88,6,17,1320,2010,3108,12,1,11,1,1,1,3
1710,0,2,0,2,0,39,0,145,1,3,138,1251,2434,15,8,4,1,0,1,2
1329,1,1,0,1,0,23,1,176,6,14,486,1459,558,8,5,14,1,0,0,0
972,0,3,1,11,1,58,1,173,4,14,334,1608,3187,8,4,11,1,1,1,2
1380,1,3,1,0,1,18,0,184,8,1,348,1681,3403,8,0,17,1,1,1,3
590,0,1,0,8,1,9,0,141,3,16,154,1054,386,16,6,4,1,0,0,0
1259,1,0,0,12,0,32,0,112,7,14,1376,1944,457,15,14,14,0,0,1,0
1971,0,1,1,11,0,32,1,182,3,16,412,1728,3711,11,0,7,1,0,1,3
916,1,1,0,14,1,29,0,158,4,19,586,629,3365,9,7,11,1,1,0,2
1375,0,2,1,5,1,3,0,122,3,15,433,1619,1421,17,14,4,1,1,1,1
1174,1,0,0,7,1,32,0,176,2,12,83,1464,341,16,5,16,1,0,0,0
1340,1,2,0,0,1,40,1,122,7,1,340,1827,2936,9,8,17,1,1,1,3
902,0,2,0,3,1,37,0,169,3,4,41,499,1424,16,12,11,1,0,0,0
743,1,2,0,4,0,30,0,106,1,7,1498,1872,2400,19,9,16,0,1,1,2
740,1,3,1,0,1,64,1,202,8,7,79,621,2107,6,5,7,1,1,1,1
1707,1,2,0,0,0,12,0,119,8,7,239,891,483,6,3,5,0,0,0,0
1940,1,3,0,5,1,62,1,146,2,13,1097,1267,1677,5,3,8,1,1,0,2
1601,1,1,1,8,1,38,0,105,7,16,491,501,1554,12,8,19,1,0,1,1
1947,1,3,1,0,1,18,1,184,3,9,1307,1496,398,8,2,2,1,1,1,0
1924,0,2,0,4,1,41,0,146,8,5,275,1950,2661,14,8,11,1,0,0,3
1886,0,1,0,0,0,28,1,144,7,2,326,643,2887,8,7,2,1,1,1,2
916,0,1,0,2,0,23,0,108,7,7,311,1253,790,14,5,6,0,0,0,0
1099,0,3,0,4,1,9,0,191,3,15,1024,1024,906,10,7,16,1,1,0,0
1070,0,1,0,7,0,9,1,197,2,11,874,1777,1358,6,1,14,1,1,0,1
953,0,1,1,1,0,10,0,107,4,3,246,1803,593,11,3,5,1,0,1,0
853,1,1,0,0,0,40,0,194,8,4,659,920,304,14,9,12,0,0,1,0
1100,1,0,1,2,0,21,0,180,2,20,512,1020,1949,15,9,2,1,0,1,1
653,0,3,1,3,0,8,1,179,1,7,1014,1877,2638,11,8,8,0,1,0,2
1002,1,1,1,7,1,44,0,106,1,12,607,1764,3111,18,6,5,1,1,1,3
516,0,2,0,6,1,26,0,135,6,8,1108,1722,4135,17,11,15,1,1,1,3
1209,1,2,1,1,0,33,1,180,1,3,161,814,1490,11,7,6,0,0,1,0
688,1,3,0,0,1,13,1,105,7,3,1113,1836,3616,15,11,19,1,0,0,3
1498,0,2,1,7,1,26,0,158,4,9,386,1912,1796,13,11,13,1,0,1,1
861,0,2,1,1,1,50,0,203,7,3,1100,1393,856,16,9,6,1,0,1,0
1536,0,0,0,3,1,60,1,147,7,8,1742,1941,1538,16,16,2,1,0,0,2
1827,0,2,1,7,1,44,1,185,1,19,448,801,3488,14,8,7,1,1,1,3
1641,0,1,0,5,1,33,1,105,6,8,417,619,3490,15,10,13,1,0,0,3
1593,1,1,0,3,1,27,0,99,8,16,1631,1721,3960,16,8,18,1,0,1,3
1888,0,2,1,3,1,56,0,177,7,4,426,714,2033,10,5,20,1,1,1,2
1554,0,1,1,0,0,7,0,127,3,17,1459,1615,1206,12,3,19,1,1,1,1
755,1,2,1,7,0,47,1,192,4,16,818,1393,2943,7,0,10,0,1,0,2
1806,0,2,1,6,1,14,1,145,3,7,840,1175,4103,17,12,3,1,0,1,3
1671,1,3,0,14,0,63,1,110,8,21,1070,1395,3174,6,0,20,0,0,1,3
1537,0,2,1,2,1,37,0,139,4,19,399,1220,2471,19,17,3,1,0,1,2
1345,0,0,1,2,1,33,1,95,3,5,1034,1335,4023,9,8,2,1,0,1,3
1409,0,1,1,13,0,26,1,153,3,16,1850,1860,1178,12,9,6,0,1,0,1
1079,0,1,0,0,1,42,0,161,7,15,658,1211,1487,9,3,21,1,1,0,1
1346,1,2,1,5,1,54,0,168,5,9,660,1893,3712,17,5,14,1,0,1,3
1890,1,2,1,7,0,58,0,173,4,10,778,1278,3863,16,11,4,0,1,1,3
1959,0,3,0,5,0,5,1,167,5,16,239,974,687,14,12,15,1,1,1,0
636,0,1,0,5,1,6,1,164,2,20,1111,1441,3720,11,5,18,1,0,0,3
1418,0,2,0,0,0,8,0,106,4,7,277,1053,2371,19,6,11,0,1,0,2
1891,0,1,0,0,1,7,1,102,4,1,932,1061,2869,9,0,3,1,1,0,3
1483,1,1,0,2,1,44,1,82,3,10,717,1140,1322,15,9,15,1,0,1,1
1069,0,1,1,9,0,48,0,125,4,15,1427,1890,569,12,8,6,1,1,0,0
1819,1,1,0,11,1,13,1,181,8,14,742,1875,1949,6,2,15,1,0,0,2
1789,1,2,0,5,0,35,1,112,3,14,1484,1952,2405,15,5,20,0,0,0,3
1975,0,2,1,0,1,56,0,187,4,1,706,1783,709,14,1,14,1,1,0,1
955,1,3,1,6,1,45,0,86,4,11,995,1321,834,8,4,4,1,1,1,0
528,0,2,0,1,0,32,0,91,6,19,47,996,962,17,7,6,0,1,0,0
1492,0,1,1,1,0,33,1,131,3,8,991,1457,815,8,2,10,1,0,1,1
566,0,1,1,10,1,8,0,148,8,14,119,591,3224,9,7,10,1,0,1,2
560,0,0,1,3,0,26,0,168,3,10,983,1421,2473,19,2,2,1,1,1,2
912,1,1,0,0,1,48,1,152,8,13,1345,1718,1399,17,4,12,1,0,1,1
533,1,0,0,6,1,44,0,180,4,13,610,907,1388,5,1,9,1,1,0,0
1107,1,3,0,9,0,19,1,163,7,16,94,1590,2630,14,13,19,0,1,0,2
784,0,0,1,1,0,63,1,102,4,7,35,1365,3060,6,0,2,0,0,0,2
633,1,2,1,9,0,53,0,86,4,19,992,1267,3636,10,4,12,1,1,1,3
1268,0,2,1,0,1,7,0,193,3,12,349,1430,2610,10,5,4,1,1,1,2
1652,0,1,0,1,0,62,0,135,7,12,751,1178,3605,17,1,18,1,0,0,3
1126,0,0,0,1,0,12,1,150,7,8,804,814,2982,7,6,17,1,1,0,2
788,0,1,1,0,0,18,0,102,4,1,633,972,2815,17,15,12,0,1,0,2
1913,0,2,1,0,1,40,0,169,1,4,342,643,3000,8,3,7,1,1,1,3
1589,1,2,1,0,0,63,1,93,4,4,160,999,765,7,3,9,1,0,1,0
1383,0,1,0,2,1,37,1,179,1,6,14,1270,3031,14,7,14,1,1,0,2
866,1,2,1,0,0,33,1,165,2,2,29,1406,1417,13,1,7,1,1,0,0
1722,1,1,0,2,1,8,0,97,7,6,406,838,3599,10,8,8,1,0,1,3
1599,1,1,0,1,1,17,0,191,2,5,954,1728,3165,11,6,6,1,1,1,3
666,0,2,1,11,0,26,0,105,4,18,1120,1323,2848,7,2,9,1,1,0,2
678,0,0,1,13,1,17,1,196,5,18,358,1689,2470,6,1,5,1,0,1,2
1057,0,2,0,4,0,5,0,152,5,13,403,1091,3560,6,4,13,1,0,0,3
1778,1,1,0,1,1,20,0,108,8,3,67,707,1262,19,7,14,1,0,0,1
615,0,2,1,19,1,16,0,187,7,19,981,1714,708,13,5,4,1,1,1,0
1792,1,2,1,3,0,25,0,139,6,16,399,1159,3204,5,0,18,0,1,0,3
901,0,1,0,1,0,62,1,155,3,6,120,664,2034,17,9,6,1,1,1,1
1159,1,3,1,1,0,39,0,100,1,9,1454,1859,1522,16,10,7,1,1,1,1
1677,0,1,0,0,1,12,0,94,8,6,1165,1756,1653,14,10,5,1,1,1,2
1895,1,0,0,2,1,41,1,187,8,17,596,874,294,8,2,17,1,1,0,0
1206,0,3,0,13,1,28,0,81,8,18,396,752,2571,10,0,9,1,1,1,2
978,0,1,1,14,0,2,1,120,1,20,1668,1823,1542,15,2,15,1,0,0,1
1167,0,1,1,1,1,23,1,122,3,6,1167,1747,1202,12,5,16,1,1,0,1
1788,1,3,0,0,0,15,0,130,3,0,1229,1465,2981,8,5,18,0,1,0,3
1412,0,0,0,0,1,15,1,175,2,0,288,1200,1072,17,6,15,1,0,0,0
1648,1,3,0,2,0,42,0,89,7,17,821,1516,541,12,0,9,0,1,1,0
916,1,3,0,11,1,14,1,84,6,14,421,1135,361,17,10,2,1,0,1,0
1733,1,1,0,1,0,30,1,190,8,21,426,1317,2296,18,2,6,0,0,1,2
1175,1,1,1,0,0,33,0,128,3,3,901,1856,1330,7,3,11,0,1,1,1
1620,1,1,0,3,1,63,0,197,6,18,1559,1651,1548,17,17,14,1,0,0,2
1011,1,2,0,9,0,66,1,130,5,16,208,1031,1042,11,3,13,0,0,0,0
1582,1,1,0,6,0,39,1,131,4,15,157,1231,1485,10,5,17,0,0,1,1
807,0,1,0,2,0,36,0,207,5,7,299,1705,3412,13,8,5,0,0,1,3
990,0,2,1,1,0,19,1,190,7,3,431,564,1477,11,3,8,1,1,0,0
518,1,3,1,5,1,34,1,125,8,13,145,1269,3225,14,7,14,1,0,0,2
1581,1,0,0,1,0,51,0,126,1,13,318,989,3111,6,5,7,0,0,1,2
769,0,2,0,16,1,20,0,186,6,18,278,1024,2423,6,1,6,1,1,1,1
1298,1,1,1,10,1,22,1,79,4,11,835,1436,898,8,3,3,1,1,0,0
630,0,2,1,13,1,43,1,84,3,17,671,1572,3211,17,8,13,1,1,0,3
1942,0,1,1,2,1,29,1,175,1,13,320,1950,3961,12,10,18,1,0,0,3
544,0,1,1,4,0,55,1,134,1,11,67,2018,1322,13,7,13,0,0,0,0
1349,0,2,1,3,0,15,0,146,5,12,970,986,2640,18,18,5,0,1,1,2
572,1,1,1,2,1,42,1,148,5,6,1213,1794,2669,11,2,9,1,1,0,2
1518,1,2,1,2,0,58,0,131,4,4,924,1978,3972,16,14,14,1,0,1,3
826,0,3,0,5,0,16,0,87,4,12,344,965,3432,13,3,14,0,0,1,3
1492,0,2,1,3,0,23,1,158,3,18,196,1365,4107,14,2,10,1,0,0,3
998,1,0,1,0,1,53,1,131,3,6,930,1904,2524,17,3,7,1,1,0,2
886,0,2,1,0,0,55,1,81,1,13,1643,1842,1743,7,1,9,0,1,0,2
1991,0,3,1,3,1,62,0,160,4,21,241,1539,1355,5,3,16,1,1,1,1
526,1,3,0,0,1,55,0,180,7,15,162,1880,1373,6,1,18,1,0,1,0
1190,0,3,0,1,1,48,0,101,4,8,596,1712,2273,14,3,4,1,1,1,2
1851,1,2,1,10,0,34,0,170,4,16,289,644,1811,16,12,21,1,1,1,1
749,0,2,1,0,0,33,0,139,7,6,512,1737,2274,12,11,5,1,0,1,2
1377,1,1,0,3,1,40,1,105,1,18,87,1194,2227,18,5,3,1,1,1,1
789,1,0,1,0,0,36,0,133,4,0,242,841,2306,5,4,4,0,0,0,1
1001,1,0,0,13,1,43,1,101,7,17,1054,1688,942,16,8,13,1,1,0,0
1235,1,3,1,0,0,10,1,160,2,15,159,494,2307,17,2,9,0,1,1,1
1198,1,2,1,0,1,26,0,78,2,0,1319,1606,3322,15,2,8,1,0,1,3
910,0,1,1,1,0,8,0,121,7,5,651,649,1714,17,4,13,1,1,0,1
1842,0,1,0,5,1,26,1,165,4,10,652,1080,2216,8,4,8,1,0,1,2
696,1,2,0,6,1,9,1,172,2,14,868,1253,3483,13,5,4,1,0,0,3
672,0,2,0,2,1,49,0,117,1,20,186,1285,1191,14,12,4,1,1,0,0
1304,1,1,0,13,0,52,1,115,2,15,1665,1978,642,19,5,5,0,0,0,1
1360,1,2,1,0,0,20,0,91,4,0,1192,1595,3799,10,2,7,0,0,1,3
1733,0,1,0,0,1,23,1,100,6,11,1013,1434,4068,20,6,14,1,0,0,3
1473,1,2,1,14,0,36,0,130,4,13,502,506,1854,16,4,6,0,0,1,1
1487,0,1,0,9,1,34,1,130,8,14,146,1943,614,13,2,6,1,1,1,0
1104,0,1,1,11,0,28,1,157,6,13,1035,1163,2504,19,3,16,1,0,1,2
657,1,1,1,7,1,54,0,81,3,12,58,1392,1272,15,9,9,1,1,1,0
603,1,2,1,12,0,11,1,202,8,13,784,2012,3270,5,0,4,1,1,1,2
794,0,1,1,2,1,23,0,192,5,18,604,1543,2493,20,12,3,1,1,0,2
1249,0,1,1,2,1,54,0,181,1,15,531,791,1435,15,12,20,1,0,1,0
1183,0,2,1,5,0,4,0,167,6,7,1402,1765,1932,9,2,4,0,0,0,2
1813,1,2,0,0,0,15,1,144,8,0,700,1948,3261,11,3,3,1,0,0,3
1416,1,0,0,10,1,46,1,170,4,20,370,1053,2214,13,9,12,1,0,1,1
1907,1,2,1,13,1,33,0,186,7,15,576,1120,1652,6,1,9,1,0,1,1
1629,0,2,0,0,0,52,1,184,6,0,1158,1150,1686,7,5,6,1,0,0,2
840,0,1,1,8,1,44,1,187,6,21,352,1221,1820,5,4,14,1,0,1,1
1606,1,2,0,8,1,36,1,82,1,9,778,1425,299,5,3,7,1,0,0,0
539,0,0,0,0,0,55,1,185,5,4,388,940,2447,17,14,15,1,0,0,1
1559,0,1,1,1,1,52,0,131,3,2,229,1908,3315,7,3,11,1,0,1,3
635,1,2,1,6,0,17,0,101,7,7,1342,1866,3294,8,4,3,0,0,0,3
1067,1,0,0,0,1,14,1,90,2,2,192,940,3229,10,1,19,1,0,1,2
1032,0,3,1,0,1,43,1,197,5,1,963,1513,1807,17,7,9,1,0,1,1
1525,1,2,0,5,0,11,1,89,3,7,1610,1669,2159,14,13,19,0,1,1,3
510,0,3,1,1,0,13,0,151,8,2,289,1061,1424,9,1,9,0,1,0,0
1064,0,1,0,6,1,50,0,93,8,7,953,1470,1385,16,1,15,1,0,0,1
1820,1,3,1,6,1,29,1,97,2,10,520,805,3808,17,15,21,1,1,1,3
1535,0,2,0,7,0,58,0,92,3,16,413,618,323,14,8,13,1,1,1,0
1852,0,0,0,0,1,24,0,114,3,1,791,1934,1142,15,7,20,1,0,1,1
1588,0,1,0,1,0,6,1,192,6,16,71,1057,3455,7,2,2,1,1,0,3
1940,1,1,1,0,0,16,0,77,2,2,282,1556,2398,15,11,16,0,0,1,2
1848,0,0,1,7,0,44,0,185,1,10,801,1748,1436,10,9,3,1,1,1,1
1374,0,2,1,0,0,48,0,132,7,1,1221,1327,2385,7,3,16,0,0,1,2
930,0,3,1,4,0,18,1,145,6,7,1047,1542,538,18,18,16,0,0,0,0
1600,0,1,1,0,1,43,0,199,5,4,1086,1710,2162,19,6,12,1,0,0,2
1127,0,1,0,0,0,61,1,187,1,17,399,494,497,14,12,12,1,0,0,0
528,0,2,1,11,0,35,1,192,7,20,79,654,1674,15,11,3,0,0,0,0
806,1,2,0,4,0,26,1,123,1,6,349,1347,2217,9,5,7,0,1,1,1
1442,1,3,0,2,1,54,0,107,1,7,786,1055,2550,5,1,3,1,0,0,2
1538,0,2,1,4,1,33,0,145,7,10,1718,1908,1645,18,4,4,1,0,0,2
1089,1,3,1,9,0,45,0,163,1,11,697,1636,3158,18,14,6,1,0,0,3
1479,0,2,1,10,1,44,0,172,2,14,476,722,1755,15,5,5,1,1,1,1
504,0,1,1,0,1,38,0,94,5,7,833,1397,848,8,0,10,1,1,1,0
935,1,0,0,0,1,49,0,82,4,1,1130,1345,1723,11,10,11,1,1,0,1
1363,1,3,0,3,0,32,0,157,4,6,909,1008,3303,19,18,3,1,0,0,3
1540,1,1,1,4,1,10,0,157,8,19,96,951,3528,9,0,3,1,0,1,3
631,0,1,0,9,0,52,1,140,8,17,1511,1632,2260,7,5,16,0,1,0,2
1585,1,1,0,3,1,11,1,137,3,4,308,539,999,16,3,15,1,0,1,0
1011,0,1,0,0,1,12,1,191,8,0,1384,1800,1569,7,1,10,1,1,1,1
1293,0,1,0,0,1,30,1,85,7,1,963,1612,2861,16,5,10,1,1,0,3
1676,1,2,1,0,0,48,1,139,8,15,1769,1914,874,17,0,5,1,1,0,1
1809,0,0,0,8,0,48,0,173,6,14,270,719,2059,7,5,4,0,0,0,1
1222,0,1,0,7,1,8,1,135,8,16,282,997,2481,19,18,20,1,0,0,2
1747,0,2,0,2,1,63,1,87,7,8,1470,1897,2428,18,12,7,1,0,1,3
1336,0,2,1,0,0,21,1,139,7,0,1456,1674,3448,5,1,11,0,0,1,3
965,1,2,1,4,1,53,1,126,1,12,44,1037,1775,8,5,10,1,0,1,1
1498,0,1,1,1,0,27,0,177,1,16,1120,1136,2964,7,1,15,0,1,1,2
705,1,0,1,0,1,22,0,109,6,9,415,1719,3983,14,9,11,1,1,1,3
1813,0,3,1,1,1,55,0,98,4,20,145,777,2093,12,9,17,1,1,1,1
899,1,2,0,5,1,59,0,133,2,6,687,958,2059,11,8,5,1,1,0,1
781,0,2,1,5,1,59,0,163,4,7,554,679,3083,19,12,9,1,0,1,2
723,1,1,0,5,1,55,1,162,6,9,1137,1435,1522,15,11,19,1,1,1,1
1754,0,2,0,10,1,27,0,102,2,19,465,1779,1602,5,3,18,1,0,1,2
1078,0,2,1,2,1,23,0,197,8,14,227,774,1868,8,5,4,1,1,1,1
1332,0,0,0,0,0,3,0,141,6,4,594,1102,1207,9,8,15,0,1,1,1
1417,1,1,1,4,1,64,0,151,8,8,1359,1486,3564,18,9,7,1,1,1,3
1346,1,2,1,4,0,9,0,117,7,7,847,1096,2819,13,12,17,0,1,0,3
1225,1,1,0,2,0,19,0,162,7,9,875,1383,1916,9,4,9,1,1,0,1
1114,0,1,0,0,1,17,0,168,3,9,289,560,690,14,6,6,1,0,1,0
1498,1,1,1,0,1,27,1,158,5,1,355,1033,3347,13,11,11,1,1,0,3
1502,0,3,0,4,1,20,0,165,2,6,463,860,801,6,1,11,1,1,0,0
899,0,2,0,9,1,6,0,106,8,14,835,1955,3475,9,4,9,1,1,1,3
535,1,3,1,2,1,41,0,99,7,6,408,875,3087,16,13,18,1,0,1,2
1936,1,2,1,1,1,34,0,167,3,2,938,1151,2395,6,1,14,1,0,0,2
1823,1,3,1,10,0,8,1,166,7,13,1008,1277,1219,8,1,2,0,0,1,1
1691,0,2,1,1,0,26,1,124,7,3,708,945,2318,14,10,20,1,0,1,2
1880,1,1,1,5,1,56,1,89,7,7,44,656,403,14,7,13,1,0,1,0
1977,0,1,0,0,1,30,1,124,5,9,768,826,439,9,2,6,1,0,1,0
1474,0,3,0,0,1,57,1,181,3,1,1424,1525,266,15,4,19,1,1,0,0
894,0,3,0,0,0,16,1,119,4,1,474,1122,2158,15,13,9,1,1,1,1
1223,1,3,0,9,1,43,1,186,6,17,363,934,921,11,5,19,1,1,0,0
854,0,2,1,5,0,52,0,104,3,9,252,1859,3199,8,4,15,1,0,0,2
574,0,1,0,1,1,42,1,138,3,8,221,755,2634,7,5,18,1,0,0,1
1310,1,1,1,13,0,7,1,192,5,14,115,489,3252,8,4,5,1,1,0,2
1908,1,1,0,4,0,62,1,136,7,9,259,1680,2648,8,3,7,0,1,1,3
993,0,3,1,15,1,12,0,180,6,18,278,505,966,10,7,18,1,0,1,0
514,0,2,1,12,1,3,0,176,7,14,1328,1594,287,12,9,4,1,1,0,0
709,0,1,0,5,0,19,1,173,4,17,975,2039,2557,16,3,5,0,0,1,2
1338,1,1,1,10,1,63,0,178,5,12,1002,1597,461,11,1,21,1,1,0,0
808,0,1,0,0,1,45,0,97,6,0,854,1420,3393,8,0,20,1,1,0,3
1460,1,2,0,5,1,32,1,178,8,17,145,1050,3918,14,9,14,1,1,1,3
905,1,1,0,5,0,5,0,143,4,7,41,1317,1446,13,0,2,0,0,1,0
946,0,2,1,5,1,14,0,101,8,9,55,733,1869,7,0,3,1,0,1,1
1757,0,1,1,2,0,43,1,145,5,5,582,1338,3756,17,7,13,1,1,1,3
884,1,1,0,1,1,32,0,84,6,2,443,867,3584,19,2,13,1,1,0,3
956,0,0,1,3,1,9,1,140,3,20,526,714,853,18,15,15,1,0,0,0
1230,0,1,0,0,1,36,1,109,4,10,157,641,3381,7,3,8,1,1,1,3
709,0,2,1,0,1,5,1,96,2,20,594,783,872,16,0,5,1,1,0,0
798,0,1,1,2,0,7,0,104,4,7,307,1569,1177,13,5,14,1,1,1,0
1751,0,3,1,0,1,53,0,90,3,7,1440,1617,1995,7,0,6,1,0,0,2
760,0,1,0,2,0,12,1,109,1,8,171,532,1068,7,3,2,0,1,0,0
1699,0,3,1,9,1,15,1,124,6,20,113,1874,1217,16,2,4,1,1,0,1
1122,1,2,0,3,0,41,1,157,5,5,983,1120,1478,18,3,10,0,0,1,1
868,0,2,0,3,1,36,0,100,3,7,684,1719,1921,12,8,13,1,1,1,1
1943,1,2,0,0,0,33,1,112,2,0,955,1238,319,8,4,10,0,0,1,0
574,1,2,1,1,1,19,0,190,4,4,900,1375,3816,12,9,17,1,1,1,3
1247,0,0,0,2,0,26,0,91,8,5,287,628,2375,14,0,8,1,1,1,2
846,1,3,0,1,0,8,0,108,7,3,7,1337,424,10,6,15,1,1,1,0
1116,1,1,0,7,0,30,1,144,4,20,741,1246,769,18,15,16,0,1,1,0
1965,0,1,1,5,1,14,1,149,4,6,15,513,2618,12,0,17,1,0,1,2
1563,1,3,0,2,1,32,0,116,5,3,328,1365,905,16,5,17,1,1,1,0
895,1,2,1,4,0,46,0,195,8,13,1060,1871,716,7,3,3,0,0,0,0
648,0,3,1,7,0,29,0,194,8,12,519,1073,2331,10,5,7,1,1,1,1
1700,1,1,0,16,0,21,0,159,4,20,103,1141,1211,16,0,19,1,1,0,1
1562,1,3,1,10,1,27,0,168,5,15,795,1017,1160,12,1,7,1,0,1,1
696,1,1,1,0,1,63,1,97,7,8,1383,1652,2884,5,3,15,1,0,1,3
2033,1,1,1,4,0,31,1,176,2,7,1284,1844,3861,17,11,13,0,1,1,3
1849,0,1,1,9,1,35,0,124,3,20,835,1588,1326,13,4,16,1,0,0,1
1107,0,1,1,10,0,2,0,160,7,20,202,1353,2715,7,5,12,1,0,0,2
1041,0,3,1,0,1,43,1,179,3,4,908,1287,1958,6,2,6,1,1,0,1
1302,0,2,0,0,0,39,0,148,2,9,1437,1668,3359,13,1,17,0,0,1,3
1442,0,0,0,1,0,39,1,110,5,6,1562,1594,2951,14,10,19,0,0,0,3
1740,1,2,1,0,0,18,1,200,1,1,322,887,2216,18,14,4,0,0,0,2
1888,1,1,0,0,0,29,0,187,4,2,746,884,1337,20,4,17,0,1,0,1
1379,1,0,1,0,0,52,1,103,6,0,214,978,2032,5,1,10,0,1,0,1
1096,0,2,0,4,1,41,0,153,3,16,802,1392,2558,15,5,16,1,0,1,2
542,0,0,1,15,0,49,0,164,2,21,1466,1606,2219,17,11,11,1,1,0,2
545,0,1,0,0,1,11,0,128,3,1,393,1449,589,15,6,19,1,1,1,0
1689,1,2,0,0,0,9,1,178,6,5,1075,1417,3789,12,10,14,1,0,1,3
769,0,1,0,10,0,22,1,87,7,19,1407,1759,1244,18,7,3,0,0,0,1
618,0,1,0,2,1,27,0,131,5,3,1003,1232,3078,17,4,4,1,1,1,2
1618,0,1,1,3,0,32,0,142,1,13,512,935,3435,18,1,16,1,0,1,3
634,0,2,0,2,0,21,1,149,3,8,204,485,889,17,6,14,0,0,0,0
1727,0,0,1,8,1,53,1,191,6,12,1166,1249,1248,20,18,5,1,1,1,1
1521,1,1,0,9,0,39,0,175,4,18,692,853,1447,20,9,2,0,1,1,1
1838,0,0,0,15,1,43,1,150,8,16,753,1874,3700,12,1,17,1,0,0,3
1981,1,2,1,3,0,53,0,117,3,4,3,605,1908,13,5,4,1,0,1,1
1642,0,2,1,1,0,61,1,85,1,21,1543,1962,942,19,13,6,0,0,1,1
1346,0,1,0,10,1,26,1,183,6,12,763,904,1059,6,2,11,1,1,0,0
1609,1,3,0,7,0,12,0,123,8,20,352,646,3786,15,1,15,0,1,0,3
1758,0,2,1,4,0,11,1,127,6,8,273,1544,3839,15,6,12,1,0,0,3
1045,0,2,0,4,1,12,1,103,6,5,1280,1320,1795,18,7,19,1,1,1,1
1168,0,1,0,6,1,44,1,87,6,9,42,827,811,19,18,7,1,0,0,0
1699,1,1,1,1,1,6,1,109,7,2,582,1297,877,9,8,2,1,0,1,1
605,0,1,0,1,0,48,1,197,3,7,520,1535,3361,12,7,8,1,0,0,2
891,0,2,0,1,0,42,1,96,5,2,159,959,3398,16,12,7,1,1,1,3
1544,0,2,0,1,0,42,1,185,2,11,333,972,3643,13,4,16,0,0,0,3
1106,1,1,0,0,1,26,1,98,5,2,1205,1244,3833,17,15,5,1,0,1,3
707,1,2,0,0,0,20,1,101,8,1,903,920,315,11,8,7,1,0,0,0
1488,0,3,0,3,1,44,0,145,4,14,340,776,3221,14,13,8,1,1,0,3
1901,1,1,1,0,0,31,1,111,6,0,209,1090,349,17,11,18,1,0,1,0
1831,0,3,0,2,1,8,0,101,5,5,510,611,1857,17,4,20,1,1,0,1
1536,1,2,1,4,1,24,1,181,5,6,760,1308,3026,6,5,20,1,0,0,3
746,0,0,0,0,1,3,0,174,4,3,948,1713,1865,15,3,16,1,0,0,1
967,1,3,1,3,0,15,1,154,2,7,1531,1752,2763,12,8,6,1,0,0,2
1172,1,0,1,2,0,21,0,156,8,4,69,587,2248,17,8,7,1,0,0,1
768,1,0,1,0,1,2,1,106,6,13,1260,1831,659,13,4,19,1,1,0,0
2007,0,1,1,3,1,18,1,127,3,8,659,1131,4131,13,0,4,1,1,0,3
1686,1,1,1,4,1,4,1,170,6,18,785,1974,3837,5,1,4,1,1,1,3
1571,0,1,0,4,1,47,0,151,5,5,345,695,829,17,10,19,1,1,1,0
799,0,1,0,1,0,33,1,92,6,2,1320,1518,3706,17,11,9,1,0,1,3
489,1,3,1,5,0,18,1,148,2,8,1088,1517,961,13,7,16,0,0,1,0
1512,1,1,1,6,1,5,0,112,4,10,513,1611,1846,7,3,4,1,1,1,1
1882,0,1,1,9,0,65,0,128,4,11,391,749,291,10,1,10,1,1,0,0
1913,1,3,1,6,1,18,0,125,8,7,1208,1753,3355,17,15,16,1,1,0,3
1762,0,3,0,0,1,3,1,105,3,0,410,1580,1315,5,0,2,1,1,0,1
1587,1,2,1,4,1,53,1,159,3,16,537,1638,276,10,9,13,1,1,1,0
1047,1,1,1,3,1,39,0,174,6,7,1064,1616,2224,11,8,12,1,0,1,2
1212,0,2,0,3,1,24,1,195,5,4,58,1224,2442,13,5,15,1,0,0,2
1224,1,1,1,1,1,33,0,106,2,2,400,620,3522,18,13,10,1,1,0,3
1715,1,0,1,7,1,49,1,183,1,8,456,765,2196,5,4,4,1,0,1,2
498,0,2,0,6,1,40,1,165,1,7,899,1026,2819,13,10,15,1,0,0,2
844,0,1,1,0,1,24,0,85,2,0,205,1860,3293,8,6,2,1,0,1,3
680,0,1,0,1,1,40,0,171,8,8,777,1231,2332,5,2,18,1,1,0,1
1060,0,1,0,3,0,44,1,137,1,5,4,652,3633,11,0,12,1,1,1,3
605,0,0,0,3,0,27,0,97,4,4,956,2032,1822,11,10,15,1,1,1,1
1282,0,0,0,0,1,5,0,92,6,9,1394,1645,1727,11,0,17,1,0,0,2
1740,1,1,1,4,1,42,1,166,7,16,373,1506,3365,19,13,11,1,1,1,3
735,0,3,0,7,0,6,1,104,6,8,393,1192,842,9,1,2,1,0,0,0
486,1,0,1,14,0,23,1,170,6,21,230,1605,3091,18,3,17,0,0,0,2
1267,1,1,0,5,0,61,0,152,6,7,221,1071,860,16,3,10,1,1,0,0
638,1,0,1,2,0,42,0,146,3,4,294,1080,2991,13,5,18,0,0,1,2
1682,0,2,0,1,1,50,1,203,1,2,271,1666,2577,10,8,4,1,1,0,2
1829,1,1,0,1,0,19,1,154,1,2,86,792,1353,15,6,11,0,1,1,1
1023,0,0,1,0,1,5,1,169,7,2,768,1600,3286,5,2,14,1,0,0,3
1628,0,0,1,6,1,46,1,196,3,9,1723,1866,455,16,13,15,1,1,1,1
1701,1,2,0,2,0,40,0,177,5,6,213,662,3041,12,4,20,0,0,0,2
1903,0,3,0,0,1,31,0,146,1,13,163,871,1350,15,3,19,1,0,0,1
641,1,1,0,9,1,13,0,78,4,16,562,741,1484,16,12,7,1,1,0,0
635,0,2,0,0,0,37,1,142,2,1,469,979,1405,14,3,19,0,1,0,0
1365,1,2,0,5,1,42,1,114,5,14,1193,1903,2479,10,1,8,1,0,0,3
780,0,2,0,3,0,44,1,168,1,9,551,1363,3332,14,6,14,0,1,1,3
920,0,3,1,2,1,32,0,194,2,17,324,1679,3366,11,1,20,1,0,0,3
1032,1,3,1,1,1,38,1,169,8,2,533,517,3316,8,6,6,1,0,1,2
1120,1,1,0,2,1,13,0,91,4,19,18,943,3616,18,8,19,1,1,0,3
739,1,1,1,6,0,63,0,199,4,9,606,1485,3377,7,3,4,0,0,1,3
1564,1,1,1,18,1,18,0,155,4,19,1028,1397,2603,8,2,11,1,0,1,2
928,0,1,1,1,0,61,0,85,2,3,1232,1214,1038,10,0,6,0,0,1,0
1622,0,2,1,1,0,40,1,106,2,2,1602,2052,3292,7,0,7,0,1,0,3
745,1,1,0,16,1,58,0,112,1,20,439,499,928,19,3,16,1,0,1,0
1214,0,2,1,1,1,24,0,84,4,9,159,1137,940,13,9,18,1,0,0,0
1341,1,2,1,1,1,4,1,93,3,12,405,477,802,13,2,14,1,1,0,0
1816,1,1,1,1,1,34,0,114,5,4,378,698,590,17,8,16,1,0,1,0
807,0,1,1,2,1,40,1,132,5,18,406,1366,2520,15,2,13,1,1,1,2
560,0,3,1,1,0,8,1,134,2,3,832,1790,2162,9,2,14,1,0,1,1
1711,0,1,0,6,1,62,1,167,4,9,1116,1885,630,8,1,6,1,1,0,1
1858,0,1,0,10,0,12,0,152,4,11,792,846,924,15,10,16,1,1,0,1
1171,1,2,1,8,0,13,1,112,4,12,775,1473,3761,12,11,12,0,0,0,3
1169,0,1,0,12,1,42,0,184,8,17,109,1170,3614,19,3,3,1,0,0,3
1774,0,0,0,4,0,13,1,185,6,13,835,910,3204,7,1,10,1,0,0,3
1272,1,2,1,4,0,49,1,94,5,5,368,669,2691,9,6,17,1,1,0,2
1028,1,3,0,3,1,39,0,101,4,10,398,882,2087,15,9,2,1,1,0,1
574,1,0,0,1,1,62,1,147,8,4,780,1912,348,16,10,6,1,1,1,0
1915,1,0,0,0,1,16,0,90,8,1,160,728,3293,16,2,14,1,0,0,3
1124,0,2,0,0,1,54,1,111,7,1,59,1006,1701,5,0,19,1,0,0,1
632,1,1,0,1,1,3,0,104,8,7,1663,1761,3393,16,13,3,1,0,1,3
968,1,1,1,0,1,58,1,114,8,3,298,1442,2770,18,9,7,1,1,1,2
533,1,1,1,8,1,55,1,145,8,14,743,955,2796,14,8,10,1,0,0,2
1147,0,1,1,0,1,21,1,127,8,12,317,1188,3278,6,4,14,1,0,1,3
1836,0,2,0,11,1,45,1,117,8,18,4,737,3419,19,8,20,1,1,0,3
796,0,1,0,14,0,42,1,180,6,15,115,514,569,12,6,7,1,1,1,0
634,1,2,0,0,1,51,0,140,8,1,536,1053,3417,11,1,16,1,1,1,2
1140,1,1,0,12,0,51,0,82,5,14,601,1409,2882,14,9,12,1,1,0,3
977,0,3,1,7,0,27,0,147,1,10,111,1104,1344,18,15,17,1,0,1,0
851,1,2,1,0,1,11,0,83,8,1,440,849,1112,10,5,14,1,0,0,0
1759,0,3,0,0,1,63,1,150,1,0,634,1571,333,10,6,14,1,0,0,0
1153,1,3,0,0,0,10,0,205,7,3,470,1414,1798,11,2,18,1,0,0,1
1273,0,3,0,1,0,17,0,88,7,2,1134,1534,406,16,8,3,1,1,1,0
635,0,3,1,2,0,40,1,141,8,3,200,1823,2861,10,4,17,1,0,0,2
570,0,1,1,2,0,38,0,187,8,9,374,713,2887,7,6,7,1,0,1,1
1344,0,3,0,0,1,44,1,111,4,2,491,1098,1278,8,1,17,1,0,1,1
1851,0,1,1,12,0,34,1,141,1,16,298,1525,1034,8,0,10,0,0,0,1
1080,0,2,1,11,0,2,1,101,4,20,398,746,2179,12,2,18,0,1,0,1
1137,1,1,0,5,1,48,1,148,4,20,893,1299,1522,7,3,21,1,1,1,1
516,1,2,0,0,1,62,1,133,6,0,484,718,2540,16,12,7,1,1,1,1
1720,1,3,1,14,1,6,0,180,5,16,564,935,3645,7,1,8,1,1,1,3
1054,0,2,0,3,0,14,0,101,5,4,546,1282,2114,7,5,15,0,0,0,1
916,1,1,0,0,0,49,0,141,2,11,222,1017,418,16,0,2,1,0,0,0
1588,0,0,0,1,1,16,0,97,4,16,1375,1647,2137,9,5,4,1,1,0,2
779,0,1,1,2,1,10,0,190,2,9,1465,1713,3034,8,6,2,1,1,1,2
518,1,3,0,1,0,40,1,121,6,2,821,1090,1200,16,11,2,0,1,0,0
1805,0,2,1,4,1,59,0,163,3,16,1152,1930,2879,14,11,5,1,1,1,3
1363,0,0,1,0,1,28,1,163,2,0,1223,1943,1092,17,16,14,1,0,0,1
1941,0,1,0,12,0,23,0,123,7,15,775,1857,3587,16,14,15,1,1,1,3
590,1,0,1,0,0,66,1,91,4,0,4,1338,2391,16,8,7,1,1,1,1
1299,1,1,0,5,1,27,0,146,3,19,600,1205,2566,7,2,5,1,0,1,2
624,0,2,1,7,0,21,1,204,2,10,679,1131,3403,8,4,7,1,0,1,2
1228,1,3,0,7,0,13,1,98,4,12,19,1037,2647,11,8,17,0,0,0,2
682,1,1,1,3,1,64,1,163,5,9,152,1690,3939,17,5,12,1,1,1,3
851,0,1,1,9,1,18,0,190,5,16,1184,1318,3987,13,10,9,1,1,0,3
902,1,3,1,16,0,5,0,162,3,20,1724,1709,3761,14,7,4,0,1,0,3
1052,0,2,1,2,1,9,1,108,6,13,900,977,2002,13,1,18,1,1,1,1
890,1,1,1,0,0,64,1,118,5,13,359,1393,3804,19,8,14,0,1,1,3
1321,1,1,1,0,1,26,0,80,4,6,1111,1999,4071,17,15,6,1,0,0,3
1783,0,1,1,9,1,65,1,95,3,19,627,1227,3038,17,0,2,1,1,1,3
1104,0,3,1,0,1,20,0,157,5,3,727,1642,1176,17,13,21,1,0,1,1
1484,1,2,0,3,0,16,1,164,8,7,895,887,2285,14,11,15,0,0,0,2
1011,0,3,1,2,1,46,0,186,3,4,173,1351,964,15,1,7,1,0,0,0
883,0,2,1,0,1,21,1,182,4,2,461,1025,2812,13,13,11,1,0,1,2
1515,0,1,1,1,0,62,1,204,7,12,718,819,1578,19,0,2,1,0,1,1
654,1,1,1,9,1,56,0,105,5,21,1209,1880,3006,5,0,13,1,0,0,3
1607,1,2,1,4,1,53,1,190,4,6,385,647,3895,6,2,4,1,0,0,3
1094,1,2,1,6,0,10,1,154,1,14,1582,1886,3722,7,3,16,0,0,1,3
1584,0,2,1,10,0,16,0,156,7,13,418,555,4004,11,1,8,0,0,1,3
790,0,1,1,3,0,44,1,158,5,6,550,734,3088,16,13,4,0,1,0,2
514,0,1,1,0,1,25,0,166,7,7,473,548,2108,9,3,18,1,1,1,1
1008,1,2,1,10,0,50,0,151,6,16,543,598,3011,15,6,7,1,1,1,2
1217,0,2,0,0,1,21,0,118,6,6,215,1073,2436,10,3,5,1,1,0,2
1838,1,2,1,1,1,50,1,101,4,3,190,1495,2873,11,6,19,1,0,1,3
1223,1,0,0,7,0,60,1,78,1,11,443,663,3953,8,6,7,1,0,1,3
1124,1,2,0,2,1,10,0,158,6,3,1270,1540,1984,7,6,12,1,1,1,2
740,0,1,1,6,1,6,0,195,4,9,1386,2000,542,8,4,8,1,0,1,0
1096,1,1,0,18,0,7,1,195,3,19,976,1235,3436,12,5,12,1,1,1,3
1027,0,1,1,0,1,34,1,82,2,4,1302,1450,1803,16,5,18,1,0,1,1
1439,1,2,1,4,0,41,1,191,5,5,101,724,868,16,0,7,0,1,1,0
1454,1,1,1,3,0,47,0,84,7,13,1079,1790,358,18,0,12,1,0,1,0
1010,1,3,1,0,1,56,0,103,8,0,266,1066,3998,16,13,9,1,1,1,3
1320,1,1,1,2,1,33,1,100,7,6,302,844,3838,5,3,13,1,1,0,3
576,1,1,1,0,0,49,1,88,3,1,1052,1308,3523,14,1,11,1,1,0,3
1160,1,3,0,10,0,22,0,113,1,15,774,935,1592,14,8,12,1,1,0,1
1259,0,0,0,15,1,6,0,104,6,18,777,848,528,10,0,11,1,1,1,0
614,0,1,0,11,1,45,0,190,3,21,1178,1573,2427,19,2,10,1,1,0,2
570,0,1,0,0,1,27,0,121,2,4,764,1499,1538,17,6,8,1,0,1,1
748,0,1,0,1,0,14,0,175,5,13,336,582,1872,18,11,9,1,1,1,0
1263,0,1,1,3,1,59,0,111,6,6,967,1552,1855,16,6,10,1,0,1,2
874,0,1,1,3,0,42,0,154,1,16,163,486,567,11,9,6,1,0,0,0
1549,0,0,0,0,1,44,1,152,2,2,1783,1992,3780,14,10,6,1,0,1,3
1053,0,0,0,2,1,63,1,106,2,7,1669,1783,3949,18,12,12,1,0,0,3
1454,1,1,0,3,0,57,0,178,3,5,596,892,782,18,8,18,0,0,1,0
1174,1,2,1,9,0,59,1,107,4,20,333,1034,1838,17,0,17,1,0,1,1
976,1,3,1,2,0,34,1,164,2,15,1575,1815,3786,20,3,10,0,1,1,3
1921,1,2,0,7,1,15,0,142,5,19,635,1071,3418,14,11,18,1,0,1,3
871,0,1,0,2,0,30,0,123,8,5,497,1200,2991,5,2,11,0,0,1,2
1343,0,1,0,5,1,17,0,185,5,9,56,600,1784,13,1,16,1,1,1,1
1227,0,1,0,1,0,11,1,179,4,7,903,1835,1937,8,5,11,1,1,1,1
1833,0,0,1,2,1,57,1,86,6,3,191,778,674,15,0,4,1,0,1,0
1329,0,1,0,5,1,6,0,166,6,8,1337,1811,3703,13,10,11,1,1,0,3
1966,0,1,0,9,1,30,1,113,2,20,136,997,2831,20,17,17,1,0,1,3
1946,0,2,0,0,0,19,1,178,5,4,515,619,1179,17,10,9,0,0,0,1
753,1,3,1,1,1,15,0,101,5,17,680,1307,3605,10,0,5,1,1,1,3
855,0,2,1,4,0,51,0,81,6,12,1015,1315,3458,5,4,6,1,0,1,3
1994,1,2,0,0,0,52,1,117,8,19,960,1944,845,12,4,6,1,1,0,1
1283,0,1,1,0,0,10,1,164,2,1,474,1164,1035,11,1,4,1,0,1,0
1900,0,2,0,5,1,54,0,123,4,9,685,1505,2168,8,7,12,1,0,1,2
1683,0,0,0,13,0,15,0,131,4,16,647,1193,3505,15,2,3,0,0,1,3
723,0,2,1,1,0,11,0,136,5,11,124,1522,3408,16,14,3,0,0,1,3
886,1,2,0,10,1,3,1,192,2,16,654,744,3677,15,8,8,1,1,0,3
1624,0,3,1,0,1,2,1,173,4,0,1160,1371,2408,10,1,2,1,1,0,2
1457,1,1,0,0,0,54,0,133,5,13,64,598,3661,16,13,15,1,1,0,3
708,0,3,1,0,0,59,1,130,7,3,412,1965,3877,18,1,4,0,1,0,3
1278,0,2,1,8,0,17,1,177,6,14,201,728,3227,12,9,19,0,0,1,2
1394,0,2,1,5,1,16,0,178,4,6,921,1255,1079,6,0,8,1,1,0,1
1461,0,1,1,2,1,36,0,114,5,6,767,1390,3355,7,1,8,1,1,1,3
1099,0,3,0,5,1,54,0,109,5,10,71,593,293,18,9,11,1,1,1,0
633,0,1,0,1,0,43,1,194,7,10,321,571,2939,12,9,4,1,1,1,2
1084,1,2,0,1,1,8,1,123,8,8,1267,1752,3741,17,3,11,1,0,1,3
1210,1,3,0,6,1,32,0,146,4,19,469,1425,985,16,12,13,1,1,1,0
897,0,2,0,10,1,25,1,147,4,15,1408,1389,3775,12,8,12,1,1,0,3
976,1,2,1,14,0,21,1,84,4,19,543,1556,3973,16,1,6,1,0,0,3
